PROPERTY ADDRESS,,APN #
0,BELGRAVE PL,048A703405000
1,EXCELSIOR CT,023 041800506
1,HOME PL E,023 040301700
2,WHITMORE PL,013 110800504
2,HOME PL E,023 040101200
5,ANAIR WAY,048 561704500
5,GLENEDEN AVE,013 111800203
8,YOSEMITE AVE,012 093701801
11,MONTELL ST,012 093602300
12,CROXTON AVE,009 073103800
14,YOSEMITE AVE,012 093701701
14,WHITMORE PL,013 110800501
16,VERNON ST,010 076901901
18,MONTELL ST,012 093504500
19,HOME PL W,023 040402000
23,HOME PL W,023 040401900
24,LINDA AVE,012 099002900
25,WHITMORE PL,013 110800400
27,HOME PL E,023 040301900
29,CROXTON AVE,009 073100300
30,YOSEMITE AVE,012 093701500
31,CROXTON AVE,009 073100400
32,LINDA AVE,012 099002601
33,YOSEMITE AVE,012 093800500
33,HOME PL E,023 040302001
33,ECHO AVE,012 099000500
34,YOSEMITE AVE,012 093701400
35,MONTE VISTA AVE,012 093505301
36,MOSS AVE,010 081701900
37,CROXTON AVE,009 073100600
37,MOSS AVE,010 081803000
40,MOSS AVE,010 081702000
41,MOSS AVE,010 081802900
45,RANDWICK AVE,009 070300700
54,VERNON ST,010 076902100
54,GLEN AVE,012 099200403
59,10TH ST,002 009300400
61,8TH ST,001 016900500
63,ECHO AVE,012 098900200
67,GLEN AVE,012 098701900
68,VERNON ST,010 076902300
69,GLEN AVE,012 098702000
71,10TH ST,002 009300300
72,VERNON ST,010 076902400
75,VERNON ST,010 079502401
75,GLEN AVE,012 098702100
76,LINDA AVE,012 098903201
77,VERNON ST,010 079501500
77,YOSEMITE AVE,012 093801300
77,GLEN AVE,012 098702300
77,PEARL ST,010 080500601
78,GLEN AVE,012 099200100
78,FAIRMOUNT AVE,010 080101200
78,LINDA AVE,012 098903100
79,10TH ST,002 009300200
80,FAIRMOUNT AVE,010 080101300
80,VERNON ST,010 076902502
81,VERNON ST,010 079501403
81,GLEN AVE,012 098702400
82,GARLAND AVE,010 080401201
83,GLEN AVE,012 098702503
84,YOSEMITE AVE,012 093700500
85,GLEN AVE,012 098702600
85,10TH ST,002 009300100
86,LINDA AVE,012 098902901
87,VERNON ST Bldg #2,010 079501301
87,VERNON ST Bldg #3,
95,41ST ST,012 099203200
95,MOSS AVE,010 081200200
95,LINDA AVE,012 098800701
96,LINDA AVE,012 098902500
98,VERNON ST,010 076902704
100,MONTE CRESTA AVE,012 098802601
100,E 15TH ST,020 018101700
101,17TH ST,008 063000401
101,FAIRMOUNT AVE,010 080000901
109,MONTE CRESTA AVE,012 098704000
110,FRISBIE ST,010 080601902
118,ECHO AVE,013 111902400
118,ATHOL AVE,021 022402100
118,HAMILTON PL,010 079902002
121,41ST ST,012 099201701
123,17TH ST,008 063000300
123,BAY PL,010 076800300
127,ATHOL AVE,021 022500801
129,MOSS AVE,010 081301600
130,MOSS AVE,010 081401700
133,ECHO AVE,012 098901400
133,17TH ST,008 063000200
136,E 12TH ST,020 012800700
137,MONTECITO AVE,010 076901200
137,E 16TH ST,020 018100400
138,MONTE CRESTA AVE,012 098802001
140,MONTECITO AVE,010 077001600
141,MONTECITO AVE,010 076901100
142,MOSS AVE,010 081402000
144,MONTE CRESTA AVE,012 098801900
145,17TH ST,008 063000100
145,MONTE CRESTA AVE,012 098705004
146,GRAND AVE,008 065500500
148,10TH ST,002 008500700
150,17TH ST,008 063300601
150,11TH ST,002 008100500
150,PEARL ST,010 079217900
150,MOSS WAY,012 093802100
152,9TH ST,002 008302300
154,10TH ST,002 008300900
155,ATHOL AVE,021 022500502
155,MONTE CRESTA AVE,012 098705201
157,MONTECITO AVE,010 076900900
159,17TH ST,008 062900200
160,9TH ST,002 008302400
160,17TH ST,008 063300800
160,ATHOL AVE,021 022402505
160,INTERNATIONAL BLVD,020 013000800
166,ATHOL AVE,021 022402605
168,MONTECITO AVE,010 077103400
169,SANTA ROSA AVE,010 081702800
170,PERKINS ST,010 079101904
170,10TH ST,002 008301000
171,MONTECITO AVE,010 076900701
171,SANTA ROSA AVE,010 081702900
173,10TH ST,002 008302100
174,41ST ST,012 099401700
175,SANTA ROSA AVE,010 081703101
176,15TH ST,008 062901200
176,ATHOL AVE,021 022402800
180,MONTECITO AVE,010 077100101
181,SANTA ROSA AVE,010 081703401
182,RIDGEWAY AVE,013 111401803
184,13TH ST,002 007900600
185,15TH ST,008 062800200
185,ATHOL AVE,021 022601501
187,MONTECITO AVE,010 076900500
188,MOSS WAY,012 093802801
198,41ST ST,012 099502400
200,WAYNE AVE,021 022601600
200,MONTECITO AVE,010 077300100
200,E 15TH ST,020 018001002
200,FAIRMOUNT AVE,010 080201401
201,E 12TH ST,019 002802003
201,ORANGE ST,010 079402601
201,ATHOL AVE,021 022802301
201,SANTA ROSA AVE,010 082900104
202,E 12TH ST,020 012701101
204,WAYNE AVE,021 022601700
206,MATHER ST,013 113403400
206,23RD ST,008 067000900
207,41ST ST,012 099600901
210,ATHOL AVE,021 022403001
211,ATHOL AVE,021 022802100
211,8TH ST,001 017901700
214,GRAND AVE,010 077001100
212,E 15TH ST,020 018001001
216,ORANGE ST,010 079500911
216,WAYNE AVE,021 022601800
217,SANTA CLARA AVE,010 082000400
220,GRAND AVE,010 077001000
220,PERKINS ST,010 079002201
220,ORANGE ST,010 079500803
220,ATHOL AVE,021 022403201
220,E 15TH ST,020 018001001
221,WAYNE AVE,021 022500404
222,OAKLAND AVE,010 079403101
224,E 15TH ST,020 018000900
225,CLIFTON ST,014 124200506
225,41ST ST,012 099600901
226,ATHOL AVE,021 022403302
226,ORANGE ST,010 079505001
228,ATHOL AVE,021 022901500
229,MACARTHUR BLVD,010 079000204
230,SANTA ROSA AVE,010 083101300
230,ORANGE ST,010 079505101
230,WAYNE AVE,021 022602101
231,29TH ST,010 080102200
232,FOOTHILL BLVD,020 018300400
232,29TH ST,010 080201100
233,ACTON PL,021 022601400
233,10TH ST,002 007300400
234,RIDGEWAY AVE,013 111102200
236,29TH ST,010 080201200
237,ATHOL AVE,021 022801600
237,WAYNE AVE,021 022500202
237,29TH ST,010 080102100
237,41ST ST,012 099600500
239,FOOTHILL BLVD,020 018000400
240,ATHOL AVE,021 022901901
240,GRAND AVE,010 077000800
241,29TH ST,010 080102000
243,ORANGE ST,010 079401700
243,ATHOL AVE,021 022801500
244,29TH ST,010 080201300
245,LEE ST,010 076902801
245,FAIRMOUNT AVE,010 080300104
245,17TH ST,008 062703701
246,GRAND AVE,010 077102000
250,MATHER ST,013 110800600
250,WHITMORE ST,013 113507500
250,E 11TH ST,019 002801704
252,ACTON PL,021 022802600
252,WAYNE AVE,021 022602300
255,LESTER AVE,021 022600402
255,JAYNE AVE,010 078801300
255,MACARTHUR BLVD,010 078500400
256,29TH ST,010 080300400
256,EUCLID AVE,010 078505400
257,ATHOL AVE,021 022801200
257,VERNON ST,010 079501200
259,MACARTHUR BLVD,010 078500500
260,29TH ST,010 080300102
261,LESTER AVE,021 022600500
262,VERNON ST,010 079602100
262,28TH ST,009 068506201
262,HANOVER AVE,021 022600200
263,41ST ST,012 099600400
263,ATHOL AVE,021 022801100
263,EUCLID AVE,010 078900300
264,LEE ST,010 078801401
265,VERNON ST,010 079501100
265,JAYNE AVE,010 078801201
265,MACARTHUR BLVD,010 078500602
265,LEE ST,010 077300300
265,LENOX AVE,010 077100102
266,LENOX AVE,010 077301601
266,40TH STREET WAY,012 099602600
266,ADAMS ST,010 078801601
267,LESTER AVE,021 022600601
268,VERNON ST,010 079602200
269,HANOVER AVE,022 030803101
269,PERKINS ST,010 078800400
269,FAIRMOUNT AVE,010 080600202
270,VAN BUREN AVE,010 077301202
270,WAYNE AVE,021 022602600
270,EUCLID AVE,010 078505102
270,PERKINS ST,010 078901601
271,SANTA CLARA AVE,010 082101300
271,JAYNE AVE,010 078801100
271,VERNON ST,010 079500902
272,EUCLID AVE,010 078505101
273,MACARTHUR BLVD,010 078500601
274,40TH STREET WAY,012 099602700
274,EUCLID AVE,010 078505000
275,41ST ST,012 099600300
275,FAIRMOUNT AVE,010 080601800
275,MACARTHUR BLVD,010 078500701
275,LEE ST,010 077300401
275,VERNON ST,010 079500914
276,EUCLID AVE,010 078504900
276,LEE ST,010 077403300
276,ADAMS ST,010 078801900
279,LEE ST,010 077300503
280,LEE ST,010 077403203
280,LENOX AVE,010 077301500
281,LENOX AVE,010 077100400
281,MACARTHUR BLVD,010 078500702
281,41ST ST,012 099600200
282,WAYNE AVE,021 022600100
282,ADAMS ST,010 078802000
285,FAIRMOUNT AVE,010 080601700
285,HANOVER AVE,022 030803001
285,VAN BUREN AVE,010 077200200
286,JAYNE AVE,010 077403800
286,LENOX AVE,010 077301400
287,EUCLID AVE,010 078700200
287,WAYNE AVE,021 022500100
287,VERNON ST,010 079500909
287,MONTE VISTA AVE,012 092900500
287,MATHER ST,013 110900100
288,VAN BUREN AVE,010 077301005
288,WHITMORE ST,013 113522200 
290,PARK VIEW TER,010 077102800
290,LEE ST,010 077403202
291,LESTER AVE,021 022601000
291,HANOVER AVE,022 030802900
291,FAIRMOUNT AVE,010 080601600
293,41ST ST,012 099600100
293,EUCLID AVE,010 078700300
295,LENOX AVE,010 077110100
296,LENOX AVE,010 077301201
296,LESTER AVE,021 022703303
300,VERNON ST,010 079603001
300,MONTE VISTA AVE,012 092700800
301,PERKINS ST,010 077400801
301,JAYNE AVE,010 078800600
301,LENOX AVE,010 077100601
301,LESTER AVE,021 022703302
302,HANOVER AVE,021 022700101
302,EUCLID AVE,010 078504500
303,LEE ST,010 077300800
303,VAN BUREN AVE,010 077500100
304,FOOTHILL BLVD,020 018401300
305,LENOX AVE,010 077100800
305,EUCLID AVE,010 078600101
305,VERNON ST,010 079500802
306,LEE ST,010 077402701
307,LEE ST,010 077300900
309,63RD ST,048A706900600
309,FOOTHILL BLVD,020 017900100
310,EUCLID AVE,010 078504400
311,LESTER AVE,021 022703200
311,LEE ST,010 077301004
311,NEWTON AVE,021 022800400
312,WAYNE AVE,022 030803200
312,LEE ST,010 077402400
314,PERKINS ST,010 078602101
314,WARWICK AVE,010 078602400
315,15TH ST,008 062504300
315,PARK VIEW TER,010 077000501
315,WAYNE PL,021 022403502
315,HANOVER AVE,022 030802500
316,OAKLAND AVE,010 079404200
316,63RD ST,016 140900200
317,LEE ST,010 077301103
317,WARWICK AVE,010 078701500
317,HANOVER AVE,022 030802400
320,EUCLID AVE,010 078504300
320,62ND ST,016 140800300
321,LENOX AVE,010 077101101
321,WAYNE AVE,022 030801900
321,ATHOL AVE,022 030701000
322,MONTE VISTA AVE,012 092700600
322,HANOVER AVE,021 022709300
322,ATHOL AVE,022 030601700
323,PORTLAND AVE,022 031200500
323,E 17TH ST,020 018400300
323,HANOVER AVE,022 030901400
323,ALCATRAZ AVE,016 140902400
324,WARWICK AVE,010 078602700
324,105TH AVE,045 536901103
325,EUCLID AVE,010 078600300
328,HANOVER AVE,021 022700500
329,LESTER AVE,021 022702800
330,ADAMS ST,010 078802401
330,ATHOL AVE,022 030601900
330,VAN BUREN AVE,010 077402100
331,HANOVER AVE,022 030901300
331,WAYNE PL,021 022403700
332,LENOX AVE,010 077203000
332,MONTE VISTA AVE,012 092700500
333,LESTER AVE,021 022702700
333,WAYNE AVE,022 030801603
334,PORTLAND AVE,022 031301900
335,ADAMS ST,010 079600400
335,ALCATRAZ AVE,016 140902101
336,40TH ST,012 100001700
336,E 15TH ST,020 017903100
336,WAYNE AVE,022 030803500
336,FOOTHILL BLVD,020 018401000
337,41ST ST,012 100000500
338,63RD ST,016 140900900
338,PORTLAND AVE,022 031302000
339,41ST ST,012 100000400
339,LESTER AVE,021 022702601
340,ALTA VISTA AVE,010 083402500
338,LENOX AVE,010 077202100
340,HADDON RD,022 031201500
344,MONTE VISTA AVE,012 092700400
345,LENOX AVE,010 077101701
345,MACARTHUR BLVD,010 078501502
346,HANOVER AVE,021 022700800
347,HADDON RD,022 030600100
347,WARWICK AVE,010 078700900
348,EUCLID AVE,010 078504000
349,38TH ST,012 098000100
350,NEWTON AVE,022 030700100
350,WAYNE PL,021 022901400
350,41ST ST,012 100401905
350,HANOVER AVE,021 022700901
350,VERNON ST,010 079002601
350,ADAMS ST,010 078901801
350,JAYNE AVE,010 078702300
350,EUCLID AVE,010 078503900
351,PALM AVE,010 078601400
351,LESTER AVE,021 022702401
351,HANOVER AVE,022 030901001
353,EUCLID AVE,010 078400400
354,ORANGE ST,010 079101905
354,VERNON ST,010 079002800
355,STATEN AVE,010 078200201
356,JAYNE AVE,010 078702400
356,WARWICK AVE,010 078603400
357,VERNON ST,010 079101903
357,ATHOL AVE,022 030700400
359,GRAND AVE,010 076700300
359,VERNON ST,010 079101902
360,MONTE VISTA AVE,012 092700300
360,OAKLAND AVE,010 079404600
360,45TH ST,013 113901803
360,VERNON ST,010 079008900
361,PALM AVE,010 078601200
361,VERNON ST,010 079101901
362,JAYNE AVE,010 078702500
362,PERKINS ST,010 078200100
362,BELMONT ST,010 077701000
362,EUCLID AVE,010 078503601
364,HANOVER AVE,021 022701300
365,HANOVER AVE,022 030900700
365,WARWICK AVE,010 078700600
365,EUCLID AVE,010 078400601
366,BELLEVUE AVE,010 078402701
366,STATEN AVE,010 078302201
366,EUCLID AVE,010 078503403
369,PALM AVE,010 078601001
369,BELLEVUE AVE,010 078300601
370,VAN BUREN AVE,010 078201400
370,STATEN AVE,010 078302000
370,ORANGE ST,010 079101906
370,BELMONT ST,010 077700900
372,EUCLID AVE,010 078503101
373,STATEN AVE,010 078200600
373,BELMONT ST,010 077601603
373,EUCLID AVE,010 078400800
374,FAIRMOUNT AVE,010 080502400
374,BELLEVUE AVE,010 078402501
375,VAN BUREN AVE,010 077701801
375,GRAND AVE,010 076600100
375,STATEN AVE,010 078200700
375,BELLEVUE AVE,010 078300700
375,PERKINS ST,010 077402000
376,STATEN AVE,010 078301900
376,FAIRMOUNT AVE,010 080502500
376,PERKINS ST,010 078201900
377,LENOX AVE,010 077101702
377,SANTA CLARA AVE,010 082301101
378,GRAND AVE,010 077600800
378,BELMONT ST,010 077700701
378,VAN BUREN AVE,010 078201201
380,EUCLID AVE,010 078502900
380,ADAMS ST,010 078902100
381,SOMERSET RD,048C720000147
381,ORANGE ST,010 079400800
381,OAKLAND AVE,010 079300600
381,BELMONT ST,010 077601900
381,ADAMS ST,010 079001501
382,ADAMS ST,010 078902301
383,GRAND AVE,010 076600200
385,ADAMS ST,010 079001400
385,FAIRMOUNT AVE,010 080801201
385,PALM AVE,010 078600700
386,SANTA CLARA AVE,010 082609700
386,STATEN AVE,010 078301701
387,ALCATRAZ AVE,016 140202601
388,STATEN AVE,010 078301601
388,ORANGE ST,010 079102401
389,PALM AVE,010 078600600
389,VERNON ST,010 079101501
390,GRAND AVE,010 077600600
391,FAIRMOUNT AVE,010 080801100
392,ORANGE ST,010 079102402
393,SOMERSET RD,048C720000160
394,ORANGE ST,010 079102500
395,SOMERSET RD,048C720000500
395,PALM AVE,010 078600500
395,VAN BUREN AVE,010 077700100
396,38TH ST,012 097802301
396,SANTA CLARA AVE,010 082602500
396,BELLEVUE AVE,010 078401900
398,EUCLID AVE,010 078502400
399,BELLEVUE AVE,010 078301400
400,LAGUNITAS AVE,010 078101500
400,PERKINS ST,010 077701501
400,ORANGE ST,010 079102600
400,SANTA CLARA AVE,010 082602400
401,VERNON ST,010 079101200
401,FAIRMOUNT AVE,010 080801000
402,GRAND AVE,010 077801300
403,PERKINS ST,010 077500200
405,BELLEVUE AVE,010 077800200
406,VAN BUREN AVE,010 078301500
407,FAIRMOUNT AVE,010 080800900
407,PERKINS ST,010 077500401
407,VERNON ST,010 079101000
408,ORANGE ST,010 079102700
409,38TH ST,012 097600300
409,E 21ST ST,021 027800200
410,FAIRMOUNT AVE,010 080901300
410,MERRITT AVE,023 041300801
410,BELLEVUE AVE,010 077902401
411,SANTA CLARA AVE,010 082301601
411,WAYNE AVE,022 030801200
411,MACARTHUR BLVD,010 078102601
411,EUCLID AVE,010 077900400
411,FAIRMOUNT AVE,010 080800800
411,E 17TH ST,020 018501801
414,STATEN AVE,010 077801900
414,E 15TH ST,020 017801500
414,LEE ST,010 077502100
414,GRAND AVE,010 077801200
414,FAIRMOUNT AVE,010 080901500
415,ADAMS ST,010 079000400
415,LAGUNITAS AVE,010 078002402
415,PERKINS ST,010 077500500
415,E 19TH ST,021 023000200
415,VAN DYKE AVE,022 031301202
415,BELLEVUE AVE,010 077800400
415,FOOTHILL BLVD,020 017800200
416,STATEN AVE,010 077801800
417,STATEN AVE,010 077700400
418,41ST ST,012 101003300
418,VERNON ST,010 079003701
418,FOOTHILL BLVD,020 018501400
420,MERRITT AVE,023 041300900
420,E 17TH ST,021 022201200
420,BURK ST,010 078002203
420,PERKINS ST,010 077701201
420,26TH ST,009 068400701
420,BELLEVUE AVE,010 077902001
421,PERKINS ST,010 077500600
421,BURK ST,010 078001205
421,STATEN AVE,010 077700500
421,WAYNE AVE,022 030800900
421,VAN DYKE AVE,022 031301100
424,STATEN AVE,010 077804700
424,E 15TH ST,020 017801402
424,E 14TH ST,020 013300800
425,E 18TH ST,021 022200302
425,LEE ST,010 077200601
425,VAN DYKE AVE,022 031301000
425,ALCATRAZ AVE,016 140101401
426,26TH ST,009 068400702
427,AVON ST,014 123301800
427,E 17TH ST,020 018500300
427,BURK ST,010 078001800
427,WAYNE AVE,022 030800800
427,FOOTHILL BLVD,020 017800301
427,E 19TH ST,021 023000400
427,38TH ST,012 097500500
428,E 19TH ST,021 027700900
428,PERKINS ST,010 077601500
428,E 15TH ST,020 017801303
429,CAVOUR ST,014 123400200
429,VERNON ST,010 079100500
429,STATEN AVE,010 077600100
429,40TH ST,012 097300500
429,BELLEVUE AVE,010 077800700
430,MERRITT AVE,023 041301100
430,AVON ST,014 123202400
430,VERNON ST,010 079003900
431,40TH ST,012 097300400
431,LEE ST,010 077200700
432,38TH ST,012 097301700
432,37TH ST,012 094500700
433,BELLEVUE AVE,010 077800800
433,41ST ST,012 101103300
433,PERKINS ST,010 077500901
433,ADAMS ST,010 079000203
434,PERKINS ST,010 077601400
434,LEE ST,010 077501801
434,E 17TH ST,021 022201101
435,EUCLID AVE,010 077901100
435,STATEN AVE,010 077606700
436,BELLEVUE AVE,010 077901600
437,PERKINS ST,010 077501000
438,STATEN AVE,010 077801400
438,ELWOOD AVE,010 082703900
438,LEE ST,010 077501802
438,VERNON ST,010 079004000
439,49TH ST,013 114900400
439,BELLEVUE AVE,010 077800900
440,ADAMS ST,010 078500300
441,MERRITT AVE,023 041400300
441,LEE ST,010 077200901
441,W MACARTHUR BLVD,012 094504001
442,MERRITT AVE,023 041301300
443,28TH ST,009 068403101
443,LEE ST,010 077201000
444,LEE ST,010 077501700
444,28TH ST,009 068800801
444,48TH ST,013 114901805
445,OAKLAND AVE,010 081002604
445,STATEN AVE,010 077600400
445,ATHOL AVE,022 031100700
447,ORANGE ST,010 079200300
449,40TH ST,012 097300100
450,LEE ST,010 077501600
450,28TH ST,009 068801000
450,ALCATRAZ AVE,016 141501001
450,40TH ST,012 101101100
450,MERRITT AVE,023 041601001
451,LEE ST,010 077201200
451,WAYNE AVE,022 030800400
454,34TH ST,009 073501300
455,NEWTON AVE,022 030903100
456,WAYNE AVE,022 030903901
456,LEE ST,010 077501500
456,40TH ST,012 101101200
457,40TH ST,012 097200300
460,28TH ST,009 068801100
460,40TH ST,012 101101304
461,59TH ST,016 138500103
461,CLIFTON ST,014 123000201
461,24TH ST,008 066600200
462,STOW AVE,022 030902000
465,BELLEVUE AVE,010 076500404
465,LEE ST,010 077201300
466,MANDANA BLVD,011 084401901
466,41ST ST,012 101004100
466,37TH ST,012 094501500
466,24TH ST,008 067401201
467,34TH ST,009 074601600
468,STOW AVE,022 030902200
469,VAN BUREN AVE,010 077900200
469,40TH ST,012 097200100
470,MANDANA BLVD,011 084201500
471,24TH ST,008 066500300
472,JEAN ST,010 082200900
472,NEWTON AVE,022 031002600
473,ELLITA AVE,010 076700700
473,ALCATRAZ AVE,016 139103900
474,55TH ST,014 122400600
475,ALCATRAZ AVE,016 139103800
475,MERRITT AVE,023 041500601
475,WELDON AVE,011 084300100
476,CHENEY AVE,011 083707400
478,CAPITAL ST,023 041701000
478,MERRITT AVE,023 041601300
479,CHENEY AVE,011 083707800
479,MERRITT AVE,023 041500500
481,ALCATRAZ AVE,016 139103700
481,WICKSON AVE,011 083706100
482,40TH ST,012 101101600
483,38TH ST,012 097402500
484,MERRITT AVE,023 041601400
484,37TH ST,012 094502101
485,40TH ST,012 097000300
485,WESLEY AVE,023 041200303
485,CHENEY AVE,011 083707900
485,STOW AVE,022 030903300
486,36TH ST,012 094402200
486,MANDANA BLVD,011 084201400
486,MERRITT AVE,023 041600101
487,43RD ST,013 109703000
488,STOW AVE,022 030902700
488,CHETWOOD ST,010 082100900
489,48TH ST,013 115002200
489,55TH ST,014 122500200
490,42ND ST,013 109702501
490,41ST ST,012 101005000
490,CAPITAL ST,023 041700101
491,MANDANA BLVD,011 083700200
491,23RD ST,008 065800100
491,STOW AVE,022 030903200
491,STATEN AVE,010 076600603
491,CRESCENT ST,010 082202500
495,MERRITT AVE,023 041500200
498,CAPITAL ST,023 041700102
498,25TH ST,009 068301800
499,CHETWOOD ST,010 082000500
500,ZORAH ST,023 040601100
501,WESLEY AVE,023 041300802
505,CHETWOOD ST,010 082901300
505,E 22ND ST,021 028002200
508,VALLE VISTA AVE,010 082707400
512,E 22ND ST,022 030501901
512,FOOTHILL BLVD,020 018601400
514,28TH ST,009 069700500
514,W MACARTHUR BLVD,012 096700700
515,E 11TH ST,019 002100200
515,VERNON ST,010 081800201
515,MERRITT AVE,023 041901300
517,22ND ST,008 064704000
518,40TH ST,012 101200600
518,E 22ND ST,022 030502001
520,VAN BUREN AVE,010 078502302
520,BODEN WAY,023 041901500
520,MERRITT AVE,023 041600300
521,W GRAND AVE,008 065904400
521,PRINCE ST,011 084100200
522,25TH ST,008 067600500
522,MERRITT AVE,023 042001100
524,E 17TH ST,021 022101400
525,FOOTHILL BLVD,020 017700107
525,MANDANA BLVD,011 083715300
525,GLENVIEW AVE,011 083705100
526,31ST ST,009 071500900
527,32ND ST,009 071504800
528,MERRITT AVE,023 042001301
528,31ST ST,009 071501000
528,E 11TH ST,019 003100700
528,66TH ST,016 142200900
529,41ST ST,012 101205201
530,41ST ST,012 101300900
530,40TH ST,012 101200901
531,59TH ST,015 137305100
532,16TH ST,008 062001000
532,25TH ST,008 067600700
535,41ST ST,012 101205100
535,MERRITT AVE,023 041901000
535,OAKLAND AVE,010 081200300
535,BELLEVUE AVE,010 076601000
536,E 11TH ST,019 003100600
536,44TH ST,013 109400900
537,E 17TH ST,020 018600500
537,MANDANA BLVD,011 083703100
538,GLENVIEW AVE,011 083704000
539,33RD ST,009 071604900
539,MERRITT AVE,023 041900900
539,MANDANA BLVD,011 083703200
540,ALCATRAZ AVE,016 142404200
541,28TH ST,009 069004701
541,CHETWOOD ST,010 082901200
541,SYCAMORE ST,008 067604400
541,MERRITT AVE,023 041900800
542,25TH ST,008 067600900
544,INTERNATIONAL BLVD,020 013400600
545,47TH ST,013 116004300
546,25TH ST,008 067601000
546,E 11TH ST,019 003100500
546,MERRIMAC ST,009 069001100
547,24TH ST,008 066404100
547,MANDANA BLVD,011 083800100
549,W GRAND AVE,008 065903800
550,MANDANA BLVD,011 083901400
550,FAIRMOUNT AVE,010 081402100
553,30TH ST,009 069802500
555,OAKLAND AVE,010 081501000
555,JEAN ST,010 082812800
556,BODEN WAY,023 041901803
558,CAPELL ST,023 047100800
558,58TH ST,015 137301600
561,OAKLAND AVE,010 081500902
561,BODEN WAY,023 041902100
564,OAKLAND AVE,010 081702400
570,MIRA VISTA AVE,010 082705501
570,BODEN WAY,023 041901903
570,GRAND AVE,010 078000900
570,58TH ST,015 137301900
572,OAKLAND AVE,010 081702500
573,WESLEY AVE,023 041700600
574,66TH ST,016 142300900
575,VALLE VISTA AVE,010 082702800
580,JEAN ST,010 083403200
580,VERNON ST,010 082902501
580,CAPELL ST,023 047100501
581,18TH ST,003 006300300
585,MACARTHUR BLVD,023 041800801
587,105TH AVE,045 537100303
588,59TH ST,015 137401401
589,MERRITT AVE,023 041802800
589,W GRAND AVE,008 065903300
590,BODEN WAY,023 041901904
590,MERRITT AVE,023 042000100
592,JEAN ST,010 083403300
592,59TH ST,015 137401402
595,MERRITT AVE,023 041802700
600,51ST ST,014 121600500
600,BROOKLYN AVE,023 041003202
600,22ND ST,008 065901400
601,JEAN ST,010 083201600
601,FOOTHILL BLVD,020 017600100
601,BROOKLYN AVE,022 031000100
601,OAKLAND AVE,010 081500600
602,FOOTHILL BLVD,020 018700902
604,BROOKLYN AVE,023 041003100
605,E 17TH ST,020 018700101
607,BEACON ST,023 041801301
607,E 18TH ST,021 022000100
609,E 23RD ST,022 030500401
610,E 19TH ST,021 027400800
611,W GRAND AVE,008 065903000
611,51ST ST,014 121701100
611,E 20TH ST,021 027400100
612,MARIPOSA AVE,010 083002601
612,54TH ST,014 121300700
615,BROOKLYN AVE,022 031000400
617,BROOKLYN AVE,022 031000500
619,33RD ST,009 071603402
619,15TH ST,003 007101500
621,E 21ST ST,021 027502900
621,VALLE VISTA AVE,010 083401200
624,BROOKLYN AVE,023 041002300
624,E 17TH ST,021 022000900
624,MARIPOSA AVE,010 083002700
626,EL DORADO AVE,010 081403400
626,BEACON ST,023 041803000
627,BEACON ST,023 041801302
629,E 19TH ST,021 023200301
629,18TH ST,003 006101600
629,10TH ST,002 002500400
630,MARIPOSA AVE,010 083003001
632,E 17TH ST,021 022000800
633,FALLON ST,001 016700500
633,CLEVELAND ST,023 041000600
633,ALMA AVE,023 046700500
634,OAKLAND AVE,010 081601700
635,EL DORADO AVE,012 093200400
635,MACARTHUR BLVD,023 042700400
635,HILLSBOROUGH ST,023 041003700
635,E 15TH ST,020 013500401
637,BEACON ST,023 041801200
640,BROOKLYN AVE,023 041002000
640,E 15TH ST,020 017601000
641,OAKLAND AVE,010 081500304
642,ALCATRAZ AVE,016 142701400
643,BEACON ST,023 041801100
645,EL DORADO AVE,012 093209200
645,FOOTHILL BLVD,020 017600500
646,16TH ST,003 006103600
646,FOOTHILL BLVD,020 018700600
647,E 17TH ST,020 018700300
648,BEACON ST,023 041803300
648,ALCATRAZ AVE,016 142701500
650,E 17TH ST,021 022000700
650,34TH ST,009 073800400
650,ALCATRAZ AVE,016 142701600
650,VERNON ST,010 083102000
651,OAKLAND AVE,012 093005700
654,VERNON ST,010 083102100
655,WESLEY AVE,023 041802600
658,8TH ST,001 021701000
660,VERNON ST,010 083102300
663,11TH ST,002 002300400
664,VERNON ST,010 083102400
665,ALCATRAZ AVE,015 137802800
666,17TH ST,003 005900700
669,ALMA AVE,023 046600900
669,HILLSBOROUGH ST,023 041004200
670,18TH ST,003 004302900
670,VERNON ST,010 083108202
671,VERNON ST,010 083000900
673,31ST ST,009 070903500
673,10TH ST,002 002301800
674,10TH ST,002 002300800
675,11TH ST,002 002300100
676,ALMA AVE,023 040102100
677,WESLEY AVE,023 041802201
678,37TH ST,012 096500901
679,10TH ST,002 002301700
680,31ST ST,009 071400900
684,16TH ST,003 005901800
684,W MACARTHUR BLVD,012 096401200
685,CARY AVE,045 536700501
687,MACARTHUR BLVD,023 043301600
688,BEACON ST,023 041802101
690,MONTCLAIR AVE,023 046300100
690,MARIPOSA AVE,010 083003200
691,FAIRVIEW ST,016 142601702
693,AILEEN ST,014 121102400
693,MACARTHUR BLVD,023 043301700
693,39TH ST,012 096303400
695,42ND ST,012 101402801
697,APGAR ST,012 096403700
699,30TH ST,009 069602300
700,25TH ST,008 067801600
700,SYCAMORE ST,009 067903206
700,E 24TH ST,022 034004101
701,ALICE ST,001 018502000
701,43RD ST,013 109102900
704,SYCAMORE ST,009 067903301
704,24TH ST,008 067701000
705,JACKSON ST,001 017901800
705,E 15TH ST,020 013600100
708,30TH ST,009 070901401
711,MADISON ST,001 017701401
714,HILLGIRT CIR,023 043300600
715,40TH ST,012 096202700
715,PERALTA ST,006 000301600
715,E 18TH ST,021 021900200
715,OAKLAND AVE,012 093000401
718,WALKER AVE,011 083706000
719,54TH ST,014 120703100
720,WILLOW ST,006 001702601
721,E 19TH ST,021 023300101
721,40TH ST,012 096202600
722,HILLGIRT CIR,023 043300500
722,ALCATRAZ AVE,016 143200500
723,MADISON ST,001 017701100
724,WESLEY WAY,023 042502600
724,WARFIELD AVE,011 083705800
725,S ELMHURST AVE,044 501200201
725,E 17TH ST,020 018800200
727,E 15TH ST,020 013600200
730,WESLEY WAY,023 042502700
730,E 17TH ST,021 021900901
731,OAKLAND AVE,012 093000300
732,E 20TH ST,021 027201000
733,MADISON ST,001 017700900
733,JEAN ST,010 083303301
734,ALCATRAZ AVE,016 143200800
734,25TH ST,008 067802202
734,WESLEY WAY,023 042502800
735,E 15TH ST,020 013600300
737,SYCAMORE ST,008 067802600
739,INTERNATIONAL BLVD,020 012200400
740,OAKLAND AVE,010 083003400
740,ALCATRAZ AVE,016 143200900
741,E 18TH ST,021 021900400
742,RAND AVE,011 083803500
743,OAKLAND AVE,012 093000202
743,WARFIELD AVE,011 083700900
744,58TH ST,015 135901300
746,RAND AVE,011 083803600
747,54TH ST,014 120702701
748,OAKLAND AVE,010 083000100
749,OAKLAND AVE,012 093000201
750,MACARTHUR BLVD,023 044001801
750,RAND AVE,011 083803700
750,WARFIELD AVE,011 083704400
751,E 11TH ST,019 001900600
753,BROOKLYN AVE,022 031400100
754,RAND AVE,011 083803800
755,ALCATRAZ AVE,015 136403501
761,KINGSTON AVE,012 098705400
764,KINGSTON AVE,012 092800200
764,WALKER AVE,011 083702100
765,RAND AVE,011 083703701
765,MACARTHUR BLVD,023 043203301
765,KINGSTON AVE,012 098705300
768,WALKER AVE,011 083700101
769,HILLGIRT CIR,023 043202200
772,18TH ST,003 005501501
775,KINGSTON AVE,012 098801702
777,KINGSTON AVE,012 098801602
777,RAND AVE,011 083703400
779,KINGSTON AVE,012 098801603
780,13TH ST,002 000701401
787,22ND ST,003 003500100
791,KINGSTON AVE,012 098801301
795,ALCATRAZ AVE,015 136402500
800,E 20TH ST,021 027101600
800,YORK ST,011 084001400
801,10TH ST,001 022800300
801,53RD ST,014 120100100
803,M L KING JR WAY,001 021700900
803,FOOTHILL BLVD,020 017400100
807,JACKSON ST,001 017900500
808,61ST ST,016 143400402
809,WALKER AVE,011 084401800
809,E 28TH ST,023 039504500
810,WALKER AVE,011 084301700
811,APGAR ST,012 095904201
811,E 18TH ST,020 021800100
812,5TH AVE,019 000900600
814,31ST ST,009 071300900
814,HENRY ST,004 009301500
815,WALKER AVE,011 084401700
815,20TH ST,003 003303700
815,12TH ST,002 000303307
815,M L KING JR WAY,001 021700800
816,37TH ST,012 095800900
817,MACARTHUR BLVD,023 046300300
817,ERIE ST,011 084001100
818,61ST ST,016 143400600
818,E 20TH ST,021 027101501
818,FOOTHILL BLVD,020 018901300
821,M L KING JR WAY,001 021700700
822,56TH ST,015 128300700
822,E 24TH ST,022 033601400
822,59TH ST,015 135301000
823,55TH ST,014 119902700
823,E 24TH ST,022 031602100
824,ERIE ST,011 083901600
824,15TH ST,003 007902600
825,ERIE ST,011 084001000
826,20TH ST,003 003301200
826,MEAD AVE,003 000700600
827,WARFIELD AVE,011 084201100
828,13TH ST,002 000501403
828,31ST ST,009 071301100
828,FOOTHILL BLVD,020 018901200
829,E 19TH ST,021 023400200
830,MILTON ST,003 000500700
830,WALKER AVE,011 084301800
830,60TH ST,015 135201200
832,ERIE ST,011 083901700
832,YORK ST,011 084001700
833,YORK ST,011 084100900
834,FOOTHILL BLVD,020 018901103
837,E 15TH ST - front house,020 013700300
837,E 15TH ST - rear house ,
839,40TH ST,012 096100200
840,WARFIELD AVE,011 084101301
840,YORK ST,011 084001800
841,ERIE ST,011 084000800
842,E 23RD ST,022 031602500
845,MACARTHUR BLVD,023 046500802
846,YORK ST,011 084001900
847,VERMONT ST,011 084301100
848,INTERNATIONAL BLVD,020 013700900
848,VERMONT ST,011 084202000
850,6TH AVE,019 001000100
852,32ND ST,009 071901300
853,VERMONT ST,011 084301000
854,33RD ST,009 072401100
854,40TH ST,012 101800900
856,YORK ST,011 084002000
856,ERIE ST,011 083902000
858,E 28TH ST,023 039502900
859,VERMONT ST,011 084300900
859,WARFIELD AVE,011 084200700
860,33RD ST,009 072401200
861,MOORPARK ST,045 525601501
864,YORK ST,011 084002100
866,34TH ST,009 073901600
869,56TH ST,014 119702700
870,31ST ST,009 071302000
870,41ST ST,012 101900501
872,WARFIELD AVE,011 084101700
875,31ST ST,009 071003301
876,MEAD AVE,003 000900700
878,E 28TH ST,023 039502800
879,32ND ST,009 071302800
880,34TH ST,009 073901900
882,CLEVELAND ST,023 040401700
886,CLEVELAND ST,023 040401600
886,34TH ST,009 073902000
888,VERMONT ST,011 084202501
889,34TH ST,009 072402400
900,FOOTHILL BLVD,020 019001200
900,JACKSON ST,002 008302700
900,34TH AVE,033 218801100
901,35TH AVE,033 218801000
907,E 28TH ST,022 034200200
901,E 17TH ST,020 019000100
909,AILEEN ST,015 128800100
910,37TH ST,012 095700700
912,OAK ST,002 009301000
914,18TH ST,005 041001800
915,55TH ST,014 119102004
915,APGAR ST,012 095601900
917,28TH ST,005 045100400
919,E 17TH ST,020 019000200
920,E 20TH ST,021 026800600
920,OAK ST,002 009301100
921,CHESTER ST,004 009101000
921,E 28TH ST,022 034200400
923,ADELINE ST,004 003100300
924,E 20TH ST,021 026800500
926,E 17TH ST,020 021701100
927,BAYVIEW AVE,023 039502700
933,41ST ST,012 102102402
936,63RD ST,016 143800600
941,CENTER ST,004 008300500
941,37TH ST,012 094903100
942,VERMONT ST,011 085102800
943,33RD ST,009 072200800
947,57TH ST,015 129101700
949,35TH ST,009 074002600
949,41ST ST,012 102102301
952,14TH ST,005 038201503
953,INTERNATIONAL BLVD,020 012000500
953,8TH ST,004 000500105
955,75TH AVE,041 415502303
956,46TH ST,013 117001801
958,42ND ST,013 108500900
960,18TH ST,005 040902201
961,18TH ST,005 038500200
961,YERBA BUENA AVE,012 095503200
961,W MACARTHUR BLVD,012 095702500
964,VERMONT ST,011 085103100
964,36TH ST,012 094901400
964,34TH ST,009 074001100
965,YERBA BUENA AVE,012 095503100
969,53RD ST,013 117500402
970,VERMONT ST,011 085103200
974,APGAR ST,012 095200100
980,36TH ST,012 094901600
984,34TH ST,009 074001300
991,VERMONT ST,011 085200903
993,63RD ST,016 144404700
994,56TH ST,015 130103901
996,60TH ST,015 134100900
1000,18TH ST,005 040802000
1000,WALKER AVE,011 085201800
1000,E 33RD ST,023 039400100
1001,63RD ST,016 144404501
1001,WALKER AVE,011 085301602
1001,WARFIELD AVE,011 085601500
1004,60TH ST,015 134101000
1004,PERALTA ST,004 009102200
1005,16TH STREET,005 038100400
1005,62ND ST,016 144205402
1006,62ND ST,016 144401001
1007,MACARTHUR BLVD,023 040100200
1008,E 23RD ST,022 031803000
1009,62ND ST,016 144205401
1009,MADISON ST,002 008300800
1010,WALKER AVE,011 085201900
1011,33RD AVE,033 219300801
1015,12TH ST,004 001503000
1017,E 22ND ST,021 028400300
1020,21ST ST,005 041301400
1021,WARFIELD AVE,011 085601300
1021,E 17TH ST,020 019100104
1021,18TH ST,005 038600200
1021,MCKINLEY AVE,023 040400101
1021,62ND ST,016 144205200
1022,E 28TH ST,023 038900900
1024,E 11TH ST,019 003601100
1025,CENTER ST,004 008501200
1025,E 22ND ST,021 028400400
1029,OAK ST,002 008500300
1030,FOOTHILL BLVD,020 019101200
1030,BELLA VISTA AVE,023 038900100
1033,MAGNOLIA ST,004 003901500
1035,76TH AVE,041 414200900
1033,60TH ST,015 133901000
1036,60TH ST,015 133801403
1036,62ND ST,016 144401700
1037,59TH ST,015 133503100
1039,8TH ST,004 001900106
1041,WARFIELD AVE,011 085601001
1045,WALKER AVE,011 085301100
1047,BELLA VISTA AVE,023 039000801
1051,18TH ST,005 038700401
1053,59TH ST,015 133502500
1060,14TH ST,005 038001804
1062,60TH ST,015 133801900
1066,56TH ST,015 130700700
1070,MARKET ST,002 000303400
1071,81ST AVE,041 420301401
1072,60TH ST,015 133802100
1074,E 33RD ST,023 039401200
1079,81ST AVE,041 420301402
1080,STANFORD AVE,015 133500900
1081,32ND ST,005 046500200
1082,67TH ST,016 151500900
1082,E 33RD ST,023 039401100
1089,57TH ST,015 130601900
1100,E 17TH ST,020 021501400
1100,BELLA VISTA AVE,023 039101900
1101,FOOTHILL BLVD,020 017100100
1105,E 28TH ST,022 034400100
1106,4TH AVE,019 003001400
1108,CHESTNUT ST,004 001502400
1109,LINDEN ST,004 001500900
1112,E 33RD ST,023 039301200
1115,MADISON ST,002 008100400
1115,7TH AVE,019 003200800
1121,7TH AVE,019 003200700
1122,E 17TH ST,020 021501300
1124,E 20TH ST,021 026401200
1125,E 18TH ST,020 021500301
1127,ROSE AVE,013 112002300
1127,E 23RD ST,022 030103600
1127,86TH AVE,042 426100901
1130,30TH ST,005 046401600
1131,BELLA VISTA AVE,023 038800400
1135,E 18TH ST,020 021500400
1136,10TH AVE,019 003601800
1138,INTERNATIONAL BLVD,020 014000900
1140,E 22ND ST,022 030102300
1142,MCKINLEY AVE,023 040301500
1143,10TH ST,004 001700100
1143,10TH ST,004 003100500
1143,MCKINLEY AVE,023 040400900
1146,MCKINLEY AVE,023 040301400
1171,8TH ST,004 002900103
1189,63RD ST,016 146501400
1202,E 18TH ST,021 023802100
1209,39TH AVE,033 215700902
1209,WEST ST,002 000301100
1212,CENTER ST,004 006101501
1212,12TH ST,004 003701800
1215,80TH AVE,041 419802500
1218,9TH AVE,020 012001300
1218,13TH AVE,020 011601100
1220,62ND ST,016 146501105
1220,FOOTHILL BLVD,020 019301600
1220,E 24TH ST,022 033200700
1221,E 20TH ST,021 026200100
1226,E 15TH ST,020 017001000
1227,3RD AVE,020 012700700
1231,6TH AVE,020 012400700
1231,5TH AVE,020 012500800
1232,7TH AVE,020 012201300
1233,3RD AVE,020 012700602
1235,94TH AVE,044 496300701
1235,PERALTA ST,006 000903300
1235,30TH ST,005 045800100
1236,HASKELL ST,052 151503900
1248,E 34TH ST,023 048103001
1260,79TH AVE,041 419804903
1263,82ND AVE,042 424702001
1267,80TH AVE,041 419801600
1285,MACARTHUR BLVD,023 048101800
1305,EVERETT AVE,024 054400100
1311,97TH AVE,044 496901600
1321,PERALTA ST,006 000901100
1322,E 18TH ST,021 023901102
1325,81ST AVE,041 420202604
1326,80TH AVE,041 420202603
1330,E 28TH ST,022 035702501
1332,E 19TH ST,021 026101000
1334,96TH AVE,044 496902500
1336,81ST AVE,042 424706400
1342,LAKESHORE AVE,020 012902600
1346,E 28TH ST,022 035702300
1346,E 24TH ST,022 033101000
1355,80TH AVE,041 419800700
1357,104TH AVE,045 518702201
1362,104TH AVE,045 519301000
1374,E 32ND ST,022 038500500
1388,81ST AVE,042 424707301
1400,LAKESHORE AVE,020 012902700
1407,E 15TH ST,020 014300200
1407,2ND AVE,020 013000700
1408,21ST AVE,020 015001900
1410,E 22ND ST,022 029902203
1410,MAGNOLIA ST,005 037801902
1410,LAKESHORE AVE,020 012902800
1417,1ST AVE,020 012900803
1420,JACKSON ST,008 062800800
1420,92ND AVE,046 542200200
1422,44TH AVE,035 235601702
1423,57TH AVE,038 323301500
1424,62ND AVE,038 322200200
1425,HARRISON ST,008 062504400
1426,29TH AVE,025 071601501
1428,CASTRO ST,003 007300700
1428,JACKSON ST,008 062800900
1428,35TH AVE,033 213003800
1429,13TH AVE,020 014100500
1429,45TH AVE,035 235600800
1430,7TH AVE,020 013601200
1430,FILBERT ST,005 038201603
1430,46TH AVE,035 235902500
1432,3RD AVE - Bldg #1438,020 013201700
1432,3RD AVE - Bldg #1444,
1432,45TH AVE,035 235803602
1433,11TH AVE,020 013900700
1434,JACKSON ST,008 062801000
1434,LAKESHORE AVE,020 012903100
1435,1ST AVE,020 012900600
1435,22ND AVE,020 015000900
1435,3RD AVE,020 013100400
1436,36TH AVE,033 213205500
1436,71ST AVE,039 331003603
1437,2ND AVE,020 013000400
1438,19TH AVE,020 014801700
1438,47TH AVE,035 236002600
1438,MADISON ST,008 063101100
1438,LAKESHORE AVE,020 012903200
1440,12TH AVE,020 014101300
1443,6TH AVE,020 013400400
1444,1ST AVENUE PL,020 013000202
1445,LAKESIDE DR,008 063100601
1448,MADISON ST,008 063101201
1448,50TH AVE,035 236204100
1448,JACKSON ST,008 062800100
1448,5TH AVE,020 013400100
1449,ALICE ST,008 062601500
1450,ALICE ST,008 062702500
1453,35TH AVE,033 212403000
1454,36TH AVE,033 213202101
1455,1ST AVE,020 012900400
1458,MADISON ST,008 063101302
1458,E 33RD ST,022 038100704
1460,ALICE ST,008 062702600
1461,ALICE ST,008 062601400
1470,ALICE ST,008 062702700
1473,E 33RD ST,022 038001100
1476,79TH AVE,040 336200100
1479,FRUITVALE AVE,025 071801401
1500,27TH AVE,025 071202700
1500,LAKESHORE AVE,020 012903400
1500,39TH AVE,033 213904001
1500,MYRTLE ST,005 038301901
1500,29TH AVE,025 071600902
1501,38TH AVE,033 213605400
1501,23RD AVE,020 015901201
1501,79TH AVE,040 336001000
1501,MADISON ST,008 062901100
1502,JACKSON ST,008 062901300
1502,ALICE ST,008 062703000
1502,23RD AVE,020 015802500
1504,13TH AVE,020 016901200
1505,37TH AVE,033 213203900
1505,JACKSON ST,008 062701201
1506,4TH AVE,020 017801600
1506,FILBERT ST,005 038201900
1507,4TH AVE,020 017901000
1507,28TH AVE,025 071300800
1508,27TH AVE,025 071202800
1510,29TH AVE,025 071600901
1511,23RD AVE,020 015901102
1511,17TH AVE,020 016601000
1514,INTERNATIONAL BLVD,020 014401500
1514,ALICE ST,008 062703100
1514,JACKSON ST,008 062901400
1515,6TH AVE,020 017700803
1515,ALICE ST,008 062601100
1515,38TH AVE,033 213605300
1515,28TH AVE,025 071300700
1516,27TH AVE,025 071202900
1516,1ST AVE,020 018101500
1517,ADELINE ST,005 037800900
1518,4TH AVE,020 017801700
1518,INTERNATIONAL BLVD,020 014401400
1519,ALICE ST,008 062601000
1520,MADISON ST,008 063001000
1520,CASTRO ST,003 007300103
1520,JACKSON ST,008 062901500
1520,1ST AVE,020 018101200
1521,9TH ST,004 009300500
1521,3RD AVE,020 018000700
1522,98TH AVE,046 542802000
1523,8TH AVE,020 017500700
1525,LAKESIDE DR,008 063000900
1525,96TH AVE,046 543001600
1525,JACKSON ST,008 062701001
1528,ALICE ST,008 062703300
1529,ALICE ST,008 062600900
1530,6TH AVE,020 017601701
1530,HARRISON ST,008 062602800
1531,28TH AVE,025 071300500
1532,8TH AVE,020 017401900
1533,3RD AVE,020 018000600
1534,4TH AVE,020 017801900
1534,29TH AVE,025 071600700
1535,24TH AVE,020 015800300
1536,6TH AVE,020 017601800
1536,FRUITVALE AVE,033 212102900
1537,8TH AVE,020 017500600
1540,JACKSON ST,008 062901601
1541,50TH AVE,035 236100700
1544,38TH AVE,033 213804200
1545,3RD AVE,020 018000500
1546,ALICE ST,008 062703400
1547,36TH AVE,033 213000200
1550,BRIDGE AVE,033 213502500
1551,MADISON ST,008 062901001
1553,ALICE ST,008 062600800
1555,MADISON ST,008 062900800
1558,33RD AVE,033 212203100
1560,ALICE ST,008 062703500
1560,JACKSON ST,008 062901709
1565,MADISON ST,008 062900701
1568,36TH AVE,033 213405000
1568,MADISON ST,008 063001400
1570,JACKSON ST,008 062900100
1580,MADISON ST,008 063001500
1581,MADISON ST,008 062900400
1600,3RD AVE,020 018401300
1600,45TH AVE,035 235804302
1600,39TH AVE,033 213901400
1600,4TH AVE,020 018501500
1601,LINDEN ST,005 038701001
1603,92ND AVE,046 543300700
1605,CLAY ST,003 006301300
1605,8TH AVE,020 018800701
1606,FRUITVALE AVE,033 211901100
1607,MILLER AVE,020 015803401
1608,MYRTLE ST,005 038401600
1609,28TH AVE,025 073101200
1611,17TH STREET,007 056000101
1614,WEBSTER ST,008 062504000
1616,35TH AVE,033 212904800
1619,46TH AVE,035 235801602
1620,50TH AVE,035 236205400
1620,FRUITVALE AVE,033 211901300
1620,38TH AVE,033 213804600
1621,12TH AVE,020 019200900
1621,7TH AVE,020 018700500
1621,FRUITVALE AVE,025 072201300
1622,HARRISON ST,008 062603300
1627,HIGH ST,035 235300800
1627,FOOTHILL BLVD,020 016600400
1629,46TH AVE,035 235801502
1630,35TH AVE,033 212902400
1630,3RD AVE,020 018401400
1633,28TH AVE,025 073100903
1633,21ST AVE,020 019900900
1636,3RD AVE,020 018400100
1637,6TH AVE,020 018600800
1637,33RD AVE,033 211900500
1639,4TH AVE,021 022300800
1640,5TH AVE,020 018600104
1640,6TH AVE,020 018700901
1641,46TH AVE,035 235801200
1643,6TH AVE,020 018600700
1643,34TH AVE,033 212000800
1648,10TH AVE,020 019100103
1650,12TH ST,006 001103600
1650,17TH ST,007 056101100
1650,14TH ST,007 055200500
1651,11TH ST,006 001303700
1651,FRUITVALE AVE,025 072201200
1654,25TH AVE,025 073404200
1659,28TH AVE,025 073100802
1661,FRUITVALE AVE,025 072201100
1664,35TH AVE,033 212902002
1666,34TH AVE,033 212602001
1698,12TH ST,006 001104400
1701,39TH AVE,033 213803600
1703,24TH AVE,020 020500700
1705,M L KING JR WAY,003 005900500
1706,8TH AVE,020 021801206
1707,36TH AVE,033 212900601
1707,28TH AVE,025 073100700
1710,15TH AVE,020 021201700
1714,6TH AVE,021 022001001
1715,FRUITVALE AVE,025 072400200
1715,BRUSH ST,003 005500702
1715,HIGH ST,035 235201300
1717,12TH ST,006 002501000
1718,HIGH ST,035 240200604
1719,MACARTHUR BLVD,023 050002303
1719,34TH AVE,033 211801800
1720,12TH AVE,020 021402101
1721,33RD AVE,033 211701600
1721,4TH AVE,021 022300700
1722,27TH AVE,025 073102200
1722,35TH AVE,033 212801700
1722,8TH AVE,020 021801300
1723,28TH AVE,025 073100600
1724,6TH AVE,021 022001200
1725,E 22ND ST,021 028902501
1725,MARKET ST,005 038402103
1727,12TH ST,006 002500800
1729,39TH AVE,033 213803301
1729,FILBERT ST,005 038600300
1729,E 15TH ST,020 014600500
1732,27TH AVE,025 073100104
1732,5TH AVE,021 022101800
1732,6TH AVE,021 022001300
1733,16TH AVE,020 021200700
1733,SEMINARY AVE,038 323702100
1734,WEBSTER ST,008 062501500
1735,12TH ST,006 002500700
1736,23RD AVE,020 020501600
1738,4TH AVE,021 022201300
1739,10TH AVE,020 021700400
1740,35TH AVE,033 212802100
1740,E 23RD ST,022 032401500
1741,12TH ST,006 002500600
1744,27TH AVE,025 073100103
1745,12TH AVE,020 021500500
1746,10TH AVE,020 021600100
1748,9TH AVE,020 021700100
1755,28TH AVE,025 073301401
1756,12TH AVE,020 021400100
1757,26TH AVE,025 073400100
1759,SEMINARY AVE,038 323702000
1771,SAUSAL ST,026 080300800
1772,27TH AVE,025 073100101
1773,28TH AVE,025 073301301
1777,SAUSAL ST,026 080300900
1781,SAUSAL ST,026 080301000
1783,28TH AVE,025 073301200
1800,LAKESHORE AVE,021 022501000
1800,LINDEN ST,005 040802209
1801,WEST ST,003 004901505
1804,27TH AVE,025 073301500
1805,8TH AVE Bldg A,021 023300701
1805,8TH AVE Bldg B,
1805,33RD AVE,033 211701300
1806,41ST AVE,033 215001400
1808,FRUITVALE AVE,033 211702500
1808,CHESTNUT ST,005 040702603
1809,FILBERT ST,005 040801900
1810,E 25TH ST,022 035301601
1811,6TH AVE,021 023100900
1811,27TH AVE,025 073400900
1811,8TH AVE,021 023300601
1812,E 24TH ST,022 032901000
1812,FOOTHILL BLVD,020 019701500
1818,7TH AVE,021 023301200
1818,ROSEDALE AVE,033 215101800
1819,7TH AVE,021 023200800
1820,96TH AVE,046 544800403
1820,5TH AVE,021 023101700
1820,LAKESHORE AVE,021 022501100
1821,6TH AVE,021 023100800
1821,FILBERT ST,005 040801801
1824,ADELINE ST,005 040602800
1824,LINDEN ST,005 040802301
1824,90TH AVE,046 544501200
1824,LAKESHORE AVE,021 022501201
1825,FRUITVALE AVE,025 072501200
1825,28TH AVE,025 073301000
1826,9TH AVE,021 023501500
1827,41ST AVE,033 215100700
1828,28TH AVE,025 072700901
1829,6TH AVE,021 023100700
1829,MYRTLE ST,005 040902000
1830,CASTRO ST,003 004302000
1830,6TH AVE,021 023201401
1830,10TH AVE,021 023601200
1831,38TH AVE,033 213503900
1832,BRIDGE AVE,033 213500300
1832,FRUITVALE AVE,033 211702800
1833,33RD AVE,033 211700900
1833,73RD AVE,039 330802100
1835,28TH AVE,025 073300901
1836,E 25TH ST,022 035301602
1836,9TH AVE,021 023501602
1838,92ND AVE,046 544600400
1842,FRUITVALE AVE,033 211702900
1843,8TH AVE,021 023300400
1843,MACARTHUR BLVD,023 049800102
1844,7TH AVE,021 023300102
1846,10TH AVE,021 023601300
1846,8TH AVE,021 023401901
1847,6TH AVE,021 023100500
1848,5TH AVE,021 023101900
1848,E 25TH ST,022 035301710
1852,E 25TH ST,022 035301711
1856,E 25TH ST,022 035301402
1860,E 25TH ST,022 035301401
1869,38TH AVE,033 213503300
1880,JACKSON ST,008 063300901
1900,26TH AVE,026 073800400
1900,SEMINARY AVE,038 321400100
1904,42ND AVE,032 208302300
1905,E 19TH ST,020 021000100
1905,FOOTHILL BLVD,020 016300100
1906,JACKSON ST,008 063300100
1907,E 30TH ST,022 036702804
1908,38TH AVE,032 208702702
1911,E 25TH ST,022 032802300
1911,40TH AVE,032 208701700
1914,LAKESHORE AVE,022 030802200
1917,FOOTHILL BLVD,020 016300200
1918,LAKESHORE AVE,022 030802100
1920,CASTRO ST,003 004301800
1921,5TH AVE,021 027700600
1921,33RD AVE,033 211700402
1921,36TH AVE,032 211503602
1921,26TH AVE,026 073700500
1922,E 20TH ST,021 025501500
1923,MYRTLE ST,005 040901300
1923,33RD AVE,033 211700402
1924,9TH AVE,021 026901101
1925,10TH AVE,021 026900602
1926,6TH AVE,021 027401000
1927,5TH AVE,021 027700500
1929,7TH AVE - front ,021 027400300
1929,7TH AVE - rear,
1929,26TH AVE,026 073700400
1929,33RD AVE,033 211700402
1930,E 27TH ST,022 036301400
1930,90TH AVE,046 545801700
1930,7TH AVE,021 027301300
1930,10TH AVE,021 026601302
1931,12TH AVE,021 026500800
1932,6TH AVE,021 027401100
1934,9TH AVE,021 026901200
1935,10TH AVE,021 026900501
1937,26TH AVE,026 073700300
1937,E 26TH ST,022 034902800
1937,33RD AVE,033 211700402
1940,LAKESHORE AVE,022 030801800
1940,7TH AVE,021 027300100
1940,E 21ST ST,021 029001400
1942,47TH AVE,035 240501900
1945,26TH AVE,026 073700200
1946,FOOTHILL BLVD,020 019801301
1947,SEMINARY AVE,038 323701400
1947,E 22ND ST,021 029003200
1948,E 29TH ST,022 036701601
1950,94TH AVE,046 545600700
1951,E 30TH ST,022 036702900
1951,FOOTHILL BLVD,020 016300600
1952,INTERNATIONAL BLVD,020 014800900
1952,35TH AVE,032 211602800
1967,SEMINARY AVE,038 323701100
1969,SEMINARY AVE,038 323701100
1977,PLEASANT VALLEY AVE,013 113402800
1985,PLEASANT VALLEY AVE,013 113401400
2000,E 30TH ST,022 036903500
2000,36TH AVE,032 208402202
2000,LINDEN ST,005 040803303
2004,27TH AVE,026 074100900
2004,E 27TH ST,022 036301000
2005,PLEASANT VALLEY AVE,013 113512800
2008,90TH AVE,046 545901201
2008,96TH AVE,046 546203400
2011,10TH AVE,021 026800405
2011,RUTHERFORD ST,026 074801300
2012,38TH AVE,032 209203301
2014,5TH AVE,021 027501500
2015,13TH AVE,021 026300800
2015,E 25TH ST,022 032803300
2016,57TH AVE,038 323706000
2018,13TH AVE,021 026001300
2020,COOLIDGE AVE,027 088101400
2020,HIGH ST,032 204701000
2022,36TH AVE,032 208402203
2023,80TH AVE,040 337801101
2028,HIGH ST,032 204700900
2028,E 21ST ST,021 029000800
2030,7TH AVE,021 027201700
2031,69TH AVE,039 330400903
2034,E 19TH ST,021 024501300
2034,10TH AVE,021 026801600
2035,24TH AVE,021 025100200
2036,13TH AVE,021 026001600
2037,38TH AVE,032 209100300
2038,HIGH ST,032 204700800
2039,8TH AVE,021 027200500
2040,E 30TH ST,022 036903400
2043,7TH AVE,021 027500100
2045,38TH AVE,032 209100200
2050,HARRINGTON AVE,032 209106000
2051,23RD AVE,021 025200200
2051,AUSTIN ST,026 074900300
2064,LAKESHORE AVE,022 030800100
2066,HIGH ST,032 204700500
2100,51ST AVE,036 242001100
2101,TELEGRAPH AVE,008 064700200
2106,9TH AVE,021 028301200
2108,90TH AVE,046 547100600
2112,35TH AVE,032 211200200
2116,HIGH ST,032 204702502
2117,E 15TH ST,020 015000400
2120,FOOTHILL BLVD,020 020001300
2121,E 17TH ST,020 020000200
2121,E 20TH ST,021 024600300
2122,HIGH ST,032 204702600
2122,LAKESHORE AVE,023 041200600
2124,90TH AVE,046 547100902
2125,92ND AVE,046 547100301
2125,10TH AVE,021 028300601
2129,COURTLAND AVE,032 204701201
2137,PARK BLVD,022 030600901
2138,19TH AVE,021 029002601
2140,LAKESHORE AVE,023 041200702
2144,HIGH ST,032 204703000
2151,E 24TH ST,022 032602700
2153,51ST AVE,036 241901500
2155,PARK BLVD,022 030600600
2158,50TH AVE,036 241903300
2166,E 27TH ST,022 036400200
2169,48TH AVE,036 241602400
2183,COURTLAND AVE,032 204702000
2200,8TH AVE,022 030300900
2200,  ,020 020701500
2201,7TH AVE,022 030500902
2201,106TH AVE,047 555802405
2201,11TH AVE,022 030200600
2202,10TH AVE,022 030200900
2204,LAKESHORE AVE,023 041401103
2204,IVY DR,022 030501700
2205,7TH AVE,022 030500901
2207,96TH AVE,046 547401901
2208,LAKESHORE AVE,023 041401102
2208,CARROLL ST,022 030501500
2210,10TH AVE,022 030201000
2210,E 15TH ST,020 016001200
2212,HIGH ST,032 204602900
2215,CARROLL ST,022 030501800
2216,E 23RD ST,022 032600500
2218,HIGH ST,032 204603000
2220,10TH AVE,022 030201100
2221,SANTA RITA ST,032 210000200
2222,LAKESHORE AVE,023 041401200
2222,89TH AVE,043 460701900
2222,47TH AVE,036 241605500
2224,24TH AVE,026 075501300
2225,48TH AVE,036 241601400
2226,11TH AVE,022 030103200
2227,7TH AVE,022 030500700
2229,9TH AVE,022 030300200
2230,LAKESHORE AVE,023 041401300
2232,IVY DR,022 030500100
2233,7TH AVE,022 030500600
2233,90TH AVE,043 460701101
2235,INYO AVE,026 075700700
2236,SEMINARY AVE,038 321002300
2240,MACARTHUR BLVD,029A130402400
2241,E 15TH ST,020 015100800
2244,LAKESHORE AVE,023 041401500
2244,12TH AVE,022 030101500
2247,IVY DR,022 033801500
2250,96TH AVE,046 547501901
2261,E 20TH ST,021 024800300
2264,HIGH ST,032 204601001
2268,E 15TH ST,020 015901400
2268,82ND AVE,043 457302200
2268,PARK BLVD,022 033801803
2272,HIGH ST,032 204600606
2274,E 15TH ST,020 015901300
2275,PARK BLVD,022 031301201
2276,MACARTHUR BLVD,029A130401200
2282,PARK BLVD,022 033801804
2289,35TH AVE,027 087600200
2290,HIGH ST,032 204601300
2300,LAKESHORE AVE,023 041501000
2300,FRUITVALE AVE,027 083904500
2301,IVY DR,022 033801400
2301,98TH AVE,046 547500502
2303,PARK BLVD,022 031401903
2303,IVY DR,022 033801300
2306,WAVERLY ST,008 067001000
2308,FOOTHILL BLVD,020 020300900
2308,WOOLSEY ST,016 142202900
2309,PARK BLVD,022 031401902
2311,IVY DR,022 033801200
2312,E 15TH ST,020 015802400
2315,TELEGRAPH AVE,008 066400500
2316,LAKESHORE AVE,023 041503800
2316,96TH AVE,046 547502103
2317,FRUITVALE AVE,026 076500400
2324,PARK BLVD,022 033802202
2324,E 19TH ST,021 024902000
2324,13TH AVE,022 032201500
2325,17TH AVE,022 032300501
2328,SEMINARY AVE,038 320700400
2332,FOOTHILL BLVD,020 020300700
2333,HUMBOLDT AVE,027 089601201
2333,IVY DR,022 033801000
2334,E 15TH ST,020 015802101
2336,FRUITVALE AVE,027 083905000
2337,HARRISON ST,008 067000500
2338,INTERNATIONAL BLVD,020 015300901
2340,8TH AVE,022 031603400
2340,ADELINE ST,005 042700101
2341,VALLEY ST,008 066500400
2341,90TH AVE,043 460900600
2344,E 17TH ST,020 020500900
2345,E 21ST ST,021 025102800
2345,92ND AVE,046 548000813
2346,VALDEZ ST,008 066900100
2346,FRUITVALE AVE,027 083905102
2350,83RD AVE,043 457602000
2354,FRUITVALE AVE,027 083905101
2355,HUMBOLDT AVE,027 089600702
2360,WOOLSEY ST,016 142102400
2361,FRUITVALE AVE,026 076600302
2363,HUMBOLDT AVE,027 089600701
2369,HUMBOLDT AVE,027 089600600
2400,IVY DR,022 031500402
2400,34TH AVE,027 087902000
2400,PARK BLVD,022 033802700
2401,SAN PABLO AVE,003 001500700
2401,IVY DR,022 033800900
2401,BARTLETT ST,027 089401100
2407,IVY DR,022 033800800
2412,35TH AVE,032 210802802
2413,109TH AVE,047 557000800
2415,7TH AVE,022 031500100
2416,8TH AVE,022 033601800
2417,IVY DR,022 033800700
2421,DAMUTH ST,029 099300300
2421,E 21ST ST,021 025002101
2422,8TH AVE,022 033601900
2422,21ST AVE,022 032703200
2423,MONTICELLO AVE,036 242700900
2424,PARK BLVD,022 033803101
2424,90TH AVE,046 548400401
2424,94TH AVE,046 548800300
2424,7TH AVE,022 034002800
2425,IVY DR,022 033800600
2425,HUMBOLDT AVE,027 089603702
2429,HUMBOLDT AVE,027 089603702
2425,MACARTHUR BLVD,028 090602901
2426,12TH AVE,022 033201200
2429,13TH AVE,022 033200200
2430,8TH AVE,022 033602000
2431,106TH AVE,047 557601000
2434,MARKET ST,003 000901400
2434,FRUITVALE AVE,027 084101600
2435,BARTLETT ST,027 089400701
2436,25TH AVE,026 078404700
2438,35TH AVE,032 210802900
2439,IVY DR,022 033800402
2440,8TH AVE,022 033602100
2445,8TH AVE,022 034001300
2451,SEMINARY AVE,038 318300800
2451,IVY DR,022 033800401
2453,DAMUTH ST Bldg #1,029 099200201
2453,DAMUTH ST Bldg #2,
2453,DAMUTH ST Bldg #3,
2461,DAMUTH ST,029 099200302
2500,IVY DR,022 034001802
2500,WALLACE ST,022 032901209
2500,FRUITVALE AVE,027 084203202
2501,IVY DR,022 033700400
2501,7TH AVE,022 033800300
2505,SAN PABLO AVE,003 001300400
2511,7TH AVE,022 033803601
2515,FOOTHILL BLVD,025 073402800
2515,10TH AVE,022 034202005
2525,10TH AVE,022 034202005
2515,76TH AVE,040 333600800
2515,IVY DR,022 033700300
2518,35TH AVE,032 210103200
2519,7TH AVE,022 033800200
2520,9TH AVE,022 034202500
2520,38TH AVE,032 210602000
2523,MASON ST,038 317706401
2526,MYRTLE ST,005 043202800
2528,26TH AVE,026 077101109
2528,IVY DR,022 034002100
2529,E 27TH ST,026 078500500
2530,8TH AVE,022 033600100
2530,35TH AVE,032 210103300
2530,9TH AVE,022 034202701
2530,FRUITVALE AVE,027 084203600
2531,E 16TH ST,025 071100201
2531,DAMUTH ST,029 099100401
2531,MARKET ST,005 043200600
2535,11TH AVE,022 034300700
2538,IVY DR,022 034002200
2538,8TH AVE,022 034101600
2539,E 16TH ST,025 071100202
2545,26TH AVE,026 078501502
2547,E 29TH ST,026 081300601
2550,COURTLAND AVE,036 242302801
2550,35TH AVE,032 210103500
2551,IVY DR,022 033700100
2554,IVY DR,022 034002300
2554,E 16TH ST,025 073403200
2555,FOOTHILL BLVD,025 073403000
2558,IVY DR,022 034002400
2558,FRUITVALE AVE,027 084401006
2563,HARRINGTON AVE,032 210101200
2564,FRUITVALE AVE,027 084401004
2564,SAN PABLO AVE,009 067904400
2565,M L KING JR WAY,009 067902200
2565,109TH AVE,047 558600501
2575,FRUITVALE AVE,026 076801100
2578,FRUITVALE AVE,027 084401003
2600,IVY DR,022 034002500
2600,INTERNATIONAL BLVD,025 071001000
2604,FRUITVALE AVE,027 084401301
2605,9TH AVE,022 034101300
2605,HIGH ST,032 205802400
2606,9TH AVE,022 034202900
2609,IVY DR,022 033901001
2610,62ND AVE,038 319903303
2610,35TH AVE,032 206800102
2615,26TH AVE,026 078501400
2616,HARRISON ST,010 079503000
2619,HIGH ST,032 205802101
2622,13TH AVE,022 035502700
2624,M L KING JR WAY,009 068201800
2624,FOOTHILL BLVD,026 073800200
2624,8TH AVE,022 034102100
2625,PLEASANT ST,028 090000200
2625,IVY DR,022 033900900
2626,OCTAVIA ST,032 206701400
2630,MACARTHUR BLVD,029 099003800
2631,PLEASANT ST,028 090000300
2633,E 16TH ST,025 071001901
2636,IVY DR,022 034000300
2640,ALVINGROOM CT,043A464200313
2641,IVY DR,022 033900700
2649,62ND AVE,038 320000502
2654,HARRISON ST,010 079503600
2656,38TH AVE,032 206302700
2657,IVY DR,022 033900501
2657,E 16TH ST,025 071002100
2662,23RD AVE,026 077600102
2673,GRANDE VISTA AVE,026 077700200
2681,NICOL AVE,026 082701100
2684,73RD AVE,040 340103900
2685,ALVINGROOM CT,043A464200306
2696,HAVENSCOURT BLVD,039 326500100
2697,HAVENSCOURT BLVD,039 326600903
2700,ALVINGROOM CT,043A464200312
2700,14TH AVE,022 035400902
2700,WEST ST,009 069102401
2701,MACARTHUR BLVD,028 091500101
2701,IVY DR,022 033900400
2701,HIGH ST,032 205809800
2705,E 21ST ST,026 074100101
2707,FRUITVALE AVE,026 082004200
2709,IVY DR,022 033900300
2710,9TH AVE,022 034203600
2711,23RD AVE,026 078600403
2721,ALVINGROOM CT,043A464200307
2727,E 17TH ST,025 073200301
2730,ALVINGROOM CT,043A464200311
2732,21ST AVE,022 036401302
2736,MYRTLE ST,005 045100100
2737,HAROLD ST,028 091101101
2738,HAVENSCOURT BLVD,039 327002400
2739,NICOL AVE,027 085400500
2741,ALVINGROOM CT,043A464200308
2742,PARK BLVD,022 033901901
2743,NICOL AVE,027 085400600
2752,14TH AVE,022 035402900
2755,74TH AVE,040 340000500
2767,79TH AVE,040 340400600
2784,ALVINGROOM CT,043A464200310
2785,ALVINGROOM CT,043A464200309
2791,RITCHIE ST,040 340500600
2800,VIOLA ST,032 205201700
2800,NICOL AVE,027 085902301
2800,21ST AVE,022 036500600
2801,SUMMIT ST,009 068800401
2802,68TH AVE,039 327302203
2805,E 16TH ST,025 071400100
2809,8TH AVE,022 033900200
2811,NICOL AVE,027 085400801
2817,FILBERT ST,005 045401500
2817,HIGH ST,032 205701400
2817,67TH AVE,039 327500301
2820,GARDEN ST,026 081300803
2820,PARK BLVD,022 033903401
2820,14TH AVE,022 035403301
2821,HARRISON ST,010 080100300
2827,M L KING JR WAY,009 069500400
2830,INTERNATIONAL BLVD,025 071401900
2833,FOOTHILL BLVD,025 072600100
2833,HIGH ST,032 205701200
2834,FRUITVALE AVE,027 085304200
2836,M L KING JR WAY,009 069702602
2846,MACARTHUR BLVD,029 097700901
2851,WEST ST,009 069300100
2851,38TH AVE,032 205200700
2856,FRUITVALE AVE,027 085304400
2856,CARMEL ST,029 098205500
2858,BROOKDALE AVE,027 085401703
2867,MACARTHUR BLVD,028 091603200
2868,38TH AVE,032 205304000
2900,14TH AVE,022 036702101
2901,NICOL AVE,027 085502400
2901,SCHOOL ST,027 085800101
2905,BONA ST,027 085201700
2906,HIGH ST,032 203901900
2910,M L KING JR WAY,009 069801602
2912,14TH AVE,022 036702202
2915,M L KING JR WAY,009 069600300
2917,MACARTHUR BLVD,028 091608900
2924,14TH AVE,022 036702301
2925,E 19TH ST,025 072500200
2926,HIGH ST,032 203902301
2926,BROOKDALE AVE,027 085501700
2930,MACARTHUR BLVD,029 097704300
2930,E 16TH ST,025 072202000
2932,E 19TH ST,025 072602000
2933,M L KING JR WAY,009 069600100
2936,SCHYLER ST,027 085801300
2936,14TH AVE,022 036702803
2937,BROOKDALE AVE,027 085302300
2945,MCCLURE ST,009 069900504
2945,BROOKDALE AVE,027 085302400
2946,BROOKDALE AVE,027 085501500
2952,MACARTHUR BLVD,029 097703901
2953,BROOKDALE AVE,027 085302500
3000,NICOL AVE,027 085603803
3000,FRUITVALE AVE,027 086001800
3001,E 17TH ST,025 072200400
3001,E 16TH ST,025 072100502
3001,RICHMOND BLVD,009 070302400
3002,FOOTHILL BLVD,026 074701503
3002,BONA ST,027 085303500
3004,BROOKDALE AVE,027 085501300
3006,E 17TH ST,025 072400600
3007,E 15TH ST,025 072000100
3010,BONA ST,027 085303400
3011,SCHOOL ST,027 086100200
3012,E 18TH ST,025 072501801
3014,FRUITVALE AVE,027 086002000
3014,E 19TH ST,025 072601800
3015,M L KING JR WAY,009 070900300
3015,NICOL AVE,027 085503300
3016,BROOKDALE AVE,027 085501200
3017,PLEITNER AVE,027 086102900
3020,35TH AVE - East bldg,032 203000300
3020,35TH AVE - West bldg,
3020,BROOKDALE AVE,027 085501100
3024,FRUITVALE AVE,027 086002100
3025,PLEITNER AVE,027 086102800
3025,PARK BLVD,023 040300800
3026,NICOL AVE,027 085603500
3026,RICHMOND BLVD,010 080600300
3027,TELEGRAPH AVE,009 070800300
3027,CAPP ST,027 085901800
3031,62ND AVE,038 318700103
3032,E 19TH ST,025 072601600
3035,LYNDE ST Bldg A,027 084800401
3035,LYNDE ST Bldg B ,
3035,PLEITNER AVE,027 086102601
3035,SCHOOL ST,027 086100500
3036,BROOK ST,009 070303500
3040,E 19TH ST,025 072601500
3040,LYNDE ST,027 085100800
3042,MACARTHUR BLVD,028 093902205
3045,RICHMOND BLVD,009 070301601
3048,CHAMPION ST,027 085902700
3050,DAVIS ST,026 077001800
3050,FRUITVALE AVE,027 086002604
3055,CURRAN AVE,027 086201602
3060,LOGAN ST,026 076801600
3061,CURRAN AVE,027 086201501
3064,CHAMPION ST,027 085902900
3065,RICHMOND BLVD,009 070301101
3066,MACARTHUR BLVD,028 093900502
3069,PLEITNER AVE,027 086101300
3071,CURRAN AVE,027 086201400
3077,CURRAN AVE,027 086201300
3080,RICHMOND BLVD,010 080703601
3080,E 15TH ST,025 072102200
3084,22ND AVE,026 078900101
3084,RICHMOND BLVD,010 080703700
3088,E 15TH ST,025 072102100
3104,14TH AVE,022 037101600
3105,PLEITNER AVE,027 086101200
3105,HIGH ST,032 203210400
3111,PLEITNER AVE,027 086101100
3111,SCHOOL ST,027 086200101
3112,14TH AVE,022 037101700
3114,ASHBROOK CT,026 076600501
3116,38TH AVE,032 203110300
3121,TELEGRAPH AVE,009 071500500
3121,PLEITNER AVE,027 086101003
3121,CUTHBERT AVE,027 085701000
3123,M L KING JR WAY,009 071400300
3127,CHAMPION ST,028 090000800
3130,PARK BLVD,023 039506400
3130,14TH AVE,022 037101801
3130,HIGH ST,032 203216400
3135,CHAMPION ST,028 090000700
3136,COOLIDGE AVE,027 086101700
3139,MARKET ST,009 071200200
3140,PARK BLVD,023 039506300
3141,38TH AVE,032 203009100
3142,COOLIDGE AVE,027 086101800
3146,COOLIDGE AVE,027 086101900
3149,BROOKDALE AVE,027 087001600
3150,HIGH ST,032 203216700
3150,BROOKDALE AVE,027 086901101
3152,HIGH ST,032 203216800
3156,COOLIDGE AVE,027 086102100
3170,HIGH ST,032 203217000
3186,MCKILLOP RD,026 081004600
3201,ADELINE ST,005 047302200
3201,BEAUMONT AVE,022 038001400
3203,14TH AVE,022 037600800
3205,BROOKDALE AVE,027 087001800
3206,PARK BLVD,023 039503901
3210,PARK BLVD,023 039503902
3210,SAN LEANDRO ST,033 219301001
3211,SCHOOL ST,027 086300200
3215,FILBERT ST,005 047000900
3217,LIESE AVE,032 203108600
3220,E 16TH ST,033 211901000
3222,E 27TH ST,027 084605800
3225,BEAUMONT AVE,022 038001200
3227,BROOKDALE AVE,027 087002001
3227,PRENTISS ST,027 084300201
3228,FARNAM ST,033 212101900
3230,14TH AVE,022 037200301
3231,PRENTISS ST,027 084300300
3231,E 16TH ST,033 212100200
3231,TELEGRAPH AVE,009 071600200
3234,MAPLE AVE,028 093202300
3239,TELEGRAPH AVE,009 071600100
3240,61ST AVE,037A273400104
3242,DAVIS ST,027 084602400
3246,E 27TH ST,027 084605403
3250,SAN PABLO AVE,009 072200604
3251,M L KING JR WAY,009 071800500
3256,NICOL AVE,027 086305200
3269,LYNDE ST,027 087200200
3275,HOLLIS ST,007 059400608
3287,KEMPTON AVE,010 080702500
3300,KEMPTON AVE,010 080801901
3300,BROOKDALE AVE,027 086902801
3300,SAN LEANDRO ST,033 219201500
3300,66TH AVE,037A275302700
3309,HARRISON ST,010 080900700
3314,FARNAM ST,033 212201400
3315,TELEGRAPH AVE,009 072600400
3317,KEMPTON AVE,010 080702200
3320,DAVIS ST,027 087300900
3321,CHESTNUT ST,005 047201000
3327,68TH AVE,037A275501800
3334,BROOKDALE AVE,027 086902300
3344,SCHOOL ST,028 095102703
3351,RICHMOND BLVD,009 073100800
3361,SUTER ST,028 095102702
3390,ARKANSAS ST,028 095201103
3400,SALISBURY ST,027 087703400
3401,RICHMOND BLVD,009 073103300
3401,SALISBURY ST,027 087902204
3403,SAN LEANDRO ST,033 218800100
3404,ADELINE ST,005 047801500
3405,DIMOND AVE,026 083501002
3408,RICHMOND BLVD,010 080703900
3410,SCHOOL ST,028 095103901
3418,SCHOOL ST,028 095103601
3419,69TH AVE,037A275504400
3421,68TH AVE,037A275513500
3422,ANDOVER ST,009 073401401
3422,ALEXANDER CT,027 088401500
3425,TELEGRAPH AVE,009 073705100
3429,13TH AVE,023 048101900
3430,FOOTHILL BLVD,027 088301100
3440,WILSON AVE,028 091002500
3441,LAGUNA AVE,028 091001000
3447,DAVIS ST,027 087603200
3454,MORRISON AVE,023 049901000
3459,PIEDMONT AVE,012 094000900
3464,CHAMPION ST,028 090601702
3465,RICHMOND BLVD,009 073104701
3474,BOSTON AVE,028 090902900
3500,35TH AVE,030 198005500
3501,LAKESHORE AVE,011 083901200
3502,BROOKDALE AVE,032 206800104
3505,KEMPTON WAY,010 080701300
3507,38TH AVE,030 198014800
3515,RHODA AVE,029 099003500
3519,E 16TH ST,033 213000100
3524,MIDVALE AVE,028 095602300
3525,DIMOND AVE,029A130101601
3525,ARDLEY AVE,023 049203100
3525,GRAY ST,032 211201401
3526,MEADOW ST,032 210802504
3527,68TH AVE,037A275508200
3535,COOLIDGE AVE,029 098901602
3541,DIMOND AVE,029A130101400
3549,LAKESHORE AVE,011 083900600
3550,LAUREL AVE,028 094503500
3553,DIMOND AVE,029A130101300
3555,MAPLE AVE,028 091600200
3555,LINCOLN AVE,029A130400401
3556,DIMOND AVE,029A130203200
3565,DIMOND AVE,029A130101200
3566,DIMOND AVE,029A130203300
3571,66TH AVE,037A275200104
3573,GRAY ST,032 211202101
3573,LAUREL AVE,028 093800100
3585,66TH AVE,037A275200105
3591,66TH AVE,037A275200108
3600,DIMOND AVE,029A130203501
3600,LAKESHORE AVE,011 087201600
3604,LAGUNA AVE,029 099001800
3612,LAKESHORE AVE,011 087201700
3614,MIDVALE AVE,028 095701400
3616,EMERSON ST,023 048002400
3621,DIMOND AVE,029A130100700
3621,PATTERSON AVE,030 191201100
3627,COOLIDGE AVE,029 098901100
3633,PATTERSON AVE,030 191200902
3645,DIMOND AVE,029A130100400
3647,COOLIDGE AVE,029 098901000
3649,DIMOND AVE,029A130100303
3650,GRAND AVE,011 084403400
3650,35TH AVE,030 189801900
3660,35TH AVE,030 189802000
3664,39TH AVE,030 192501100
3667,DIMOND AVE,029A130100101
3669,39TH AVE,030 192000900
3670,39TH AVE,030 192501000
3675,39TH AVE,030 192000800
3676,39TH AVE,030 192500900
3700,MACARTHUR BLVD,030 190701700
3700,INTERNATIONAL BLVD,033 213606501
3700,LINCOLN AVE,029 099402700
3701,FRUITVALE AVE,029A130200400
3701,MAYBELLE AVE,030 192900502
3704,FRUITVALE AVE,029A130503300
3705,MAYBELLE AVE,030 192900501
3711,FRUITVALE AVE,029A130200300
3715,LINCOLN AVE,029A130501502
3719,EMERSON ST,023 047800600
3720,FRUITVALE AVE,029A130503501
3720,MAYBELLE AVE,030 193301700
3721,LINCOLN AVE,029A130501401
3721,FRUITVALE AVE  UNIT A,029A130204900
3721,FRUITVALE AVE  UNIT B,029A130204800
3721,FRUITVALE AVE  UNIT C,029A130204700
3721,FRUITVALE AVE  UNIT D,029A130204600
3721,FRUITVALE AVE  UNIT E,029A130204500
3721,FRUITVALE AVE  UNIT F,029A130204400
3723,FRUITVALE AVE,029A130205000
3726,GRAND AVE,011 085302200
3727,BUELL ST,037 255201400
3733,GRAND AVE,010 083501000
3735,39TH AVE,030 192000400
3738,PARK BOULEVARD WAY,023 047801301
3739,FOOTHILL BLVD,033 213503000
3743,39TH AVE,030 192000300
3750,PARK BOULEVARD WAY,023 047800100
3755,EMERSON WAY,023 047800404
3758,MANILA AVE,012 098001500
3760,PARK BOULEVARD WAY,023 047800201
3761,HARRISON ST,010 081401400
3761,PARK BOULEVARD WAY,024 053204301
3761,HIGH ST,030 193501004
3765,HIGH ST,030 193501004
3765,HIGH ST,030 193501004
3762,SHAFTER AVE,012 097902500
3764,39TH AVE,030 192503300
3764,SHAFTER AVE,012 097902600
3764,FRUITVALE AVE,029A130504300
3768,HARRISON ST,010 081514300
3769,RUBY ST,012 097403600
3771,HIGH ST,030 193501004
3773,HIGH ST,030 193501004
3770,PARK BOULEVARD WAY,023 047800402
3773,PARK BOULEVARD WAY,024 053204100
3773,39TH AVE,030 192004512
3775,LEIGHTON ST,012 093803300
3778,39TH AVE,030 192503201
3779,HARRISON ST,010 081401100
3790,39TH AVE,030 192503000
3792,HARRISON ST,010 081501500
3799,BUELL ST,037 254701401
3800,39TH AVE,030 192502900
3801,LINCOLN AVE,029A130500800
3801,MAYBELLE AVE,030 192902200
3801,HIGH ST,030 193500901
3804,E 12TH ST,033 215701100
3804,OPAL ST,012 098100800
3805,CLARKE ST,012 097001700
3806,39TH AVE,030 192502800
3807,HIGH ST,030 193500801
3809,MAYBELLE AVE,030 192902101
3809,PENNIMAN AVE,032 205300200
3810,FOOTHILL BLVD,032 208702703
3810,REDDING ST,030 198015700
3810,MAYBELLE AVE,030 193306800
3811,OPAL ST,012 097801900
3811,39TH AVE,030 192003700
3812,WHITTLE AVE,029A130504701
3814,39TH AVE,030 192502700
3815,SHAFTER AVE,012 097701500
3815,HARRISON ST,010 081400500
3815,PARK BLVD,024 053102400
3818,CLARKE ST,012 097202900
3822,RUBY ST,012 097302500
3822,HARRISON ST,010 081502000
3823,HARRISON ST,010 081400400
3824,39TH AVE,030 192505400
3827,MAYBELLE AVE,030 192901900
3830,HARRISON ST,010 081502100
3830,MAYBELLE AVE,030 193301200
3833,TELEGRAPH AVE,012 096700300
3833,MAYBELLE AVE,030 192901802
3840,CLARKE ST,012 097203400
3840,HOWE ST,012 098603901
3843,HOWE ST,012 098501300
3845,HARRISON ST,010 081400301
3849,MAYBELLE AVE,030 192901705
3861,BUELL ST,037 254700806
3865,MAYBELLE AVE,030 192901701
3867,BUELL ST,037 254700805
3873,HOWE ST,012 098500900
3873,SHAFTER AVE,012 097701200
3875,RUBY ST,012 097201300
3877,HOWE ST,012 098503000
3877,SHAFTER AVE,012 097701100
3900,CERRITO AVE,012 098502500
3900,HARRISON ST,012 093000800
3901,RUBY ST,012 097201200
3901,WEBSTER ST,012 097301301
3903,CLARKE ST,012 097000901
3909,SHAFTER AVE,012 097700800
3917,SHAFTER AVE,012 097700700
3918,CERRITO AVE,012 098502801
3920,CLARKE ST,012 097203800
3921,HARRISON ST,012 092901100
3922,CANON AVE,024 051900701
3924,LUSK ST,012 096000101
3933,HARRISON ST,012 092901000
3936,ROBLEY TER,012 093401600
3950,RUBY ST,012 097303400
3952,HARRISON ST,012 093001300
4000,LYON AVE,032 206901900
4001,GREENWOOD AVE,024 053201000
4001,ALLENDALE AVE,032 205808100
4003,PARK BLVD,024 053300800
4009,ARDLEY AVE,024 052600800
4015,HOWE ST,012 099601700
4020,OPAL ST,012 100501301
4020,BROADWAY,012 099603100
4021,HOWE ST,012 099601600
4030,PANAMA CT,012 098701201
4040,MANILA AVE,012 100000100
4059,ALLENDALE AVE,032 205808600
4060,LYON AVE,032 206903201
4065,LYON AVE,032 207400500
4069,E 18TH ST,033 215200400
4077,ALLENDALE AVE,032 205808800
4100,LYON AVE,032 206904400
4101,PORTER ST,032 203100400
4103,E 17TH ST,033 214800100
4105,MONTGOMERY ST,012 099701301
4110,HOWE ST,012 099401800
4111,MONTGOMERY ST,012 099701302
4114,OPAL ST,012 100402800
4118,BROADWAY,012 099901500
4120,EMERALD ST,012 100102700
4120,HOWE ST,012 099401900
4121,OPAL ST,012 100601500
4124,EMERALD ST,012 100102800
4126,OPAL ST,012 100402900
4132,HOWE ST,012 099402000
4133,WEBSTER ST,012 101002800
4135,PARK BLVD,024 053500900
4138,HOWE ST,012 099402100
4150,PIEDMONT AVE,012 099100101
4151,EMERALD ST,012 100301003
4154,PARK BLVD,024 053601900
4180,OPAL ST,012 100403700
4188,PARK BLVD,024 053600100
4188,GREENWOOD AVE,024 054504100
4210,TELEGRAPH AVE,013 109702700
4211,M L KING JR WAY,013 109100301
4211,MONTGOMERY ST,013 111101900
4220,MONTGOMERY ST,013 111402400
4223,TERRACE ST,013 110901000
4228,MASTERSON ST,030 193302403
4230,CARRINGTON ST,032 208201900
4231,HOWE ST,013 111401200
4231,MONTGOMERY ST,013 111101600
4235,MONTGOMERY ST,013 111101400
4237,FOOTHILL BLVD,035 235200603
4244,GILBERT ST,013 111102800
4251,MONTGOMERY ST,013 111101200
4306,PARK BLVD,024 054402200
4328,HOWE ST,013 111602100
4345,RILEA WAY,040A345705500
4350,BROADWAY,013 110802300
4355,RILEA WAY,040A345705700
4385,HOWE ST,013 111500300
4421,GILBERT ST,013 110803100
4423,EDGEWOOD AVE,024 054700100
4466,VIEW PL,013 113406300
4500,GILBERT ST,013 113401703
4520,SAN CARLOS AVE,036 241402200
4527,BANCROFT AVE,035 235805001
4555,BANCROFT AVE,035 235801802
4609,BOND ST,035 235900100
4630,PARK BLVD,024 055203000
4633,FAIRFAX AVE,036 242100500
4734,SHATTUCK AVE,013 115600100
4770,TELEGRAPH AVE,013 115001902
4811,SHATTUCK AVE,013 116200700
4824,BANCROFT AVE,035 238400303
4864,PARK BLVD,029A133000604
4901,CLARKE ST,013 115201000
4902,PARK BLVD,029A133004100
5000,MELROSE AVE,036 241902601
5001,SHAFTER AVE,013 114600602
5005,SHAFTER AVE,013 114600601
5012,BANCROFT AVE,035 238601700
5025,WOODMINSTER LN,029 125504000
5103,WEST ST,013 116801803
5103,FAIRFAX AVE,035 237200700
5142,BANCROFT AVE,035 238700800
5151,CORONADO AVE,014 123803700
5160,CLAREMONT AVE,014 122600100
5208,MANILA AVE,014 123805800
5239,BANCROFT AVE,035 239400701
5248,CLAREMONT AVE,014 122704203
5263,COLLEGE AVE,014 124000200
5290,BROADWAY TER,048A703404300
5300,WALNUT ST,036 248300100
5300,BANCROFT AVE,035 238801600
5301+5315,TELEGRAPH AVE,014 122001502
5325+5333,TELEGRAPH AVE,014 122001502
5359+5351,TELEGRAPH AVE,014 122001502
5311,MILES AVE,014 125602700
5317,BROADWAY TER,048A703101000
5319,BROADWAY TER,048A703100901
5321,BRYANT AVE,014 124905600
5324,MANILA AVE,014 124903000
5339,BROADWAY,014 124800500
5351,BELGRAVE PLACE,048A703405300
5385,BROADWAY,048A703600801
5390,BROADWAY,048A703500100
5400,WALNUT ST,036 248303300
5401,BROADWAY TER,048A703100201
5408,TELEGRAPH AVE,014 122500903
5410,BROADWAY,048A703902400
5412,CLAREMONT AVE,014 125600302
5418,TELEGRAPH AVE,014 122502300
5420,CLAREMONT AVE,014 125600402
5422,SHAFTER AVE,014 126102100
5425,COLLEGE AVE,014 126301000
5428,CLAREMONT AVE,014 125600504
5439,BANCROFT AVE,035 239202700
5445,VICENTE WAY,014 122500902
5445,BROADWAY,048A703801400
5452,BANCROFT AVE,035 238900500
5456,LAWTON AVE,014 126300200
5460,BANCROFT AVE,035 238900300
5467,LAWTON AVE,014 126200200
5470,CAMDEN ST,036 250313700
5471,VICENTE WAY,014 122500700
5471,TAFT AVE,014 126204600
5471,FOOTHILL BLVD,035 239000300
5476,VICENTE WAY,014 122801102
5511,HILTON ST,038 322400302
5527,SHATTUCK AVE,014 121200100
5530,HILTON ST,038 322301801
5537,FOOTHILL BLVD,038 318000501
5549,FOOTHILL BLVD,038 318000600
5555,BANCROFT AVE,038 322400703
5600,BANCROFT AVE,038 322301602
5601,SHATTUCK AVE,014 121100300
5606,TAFT AVE,048A705000500
5609,COLLEGE AVE,014 126400700
5611,BANCROFT AVE,038 322301302
5645,BANCROFT AVE,038 322301002
5650,BANCROFT AVE,038 322300801
5679,OAK GROVE AVE,014 126901600
5687,MILES AVE,014 126600600
5717,HERMANN ST,014 127401300
5720,HARMON AVE,038 324001700
5833,HARMON AVE,
5735,AVENAL AVE,038 318100400
5760,FOOTHILL BLVD,038 317706600
5775,WALNUT ST,038 317700100
5800,WALNUT ST,038 317504000
5810,ADELINE ST,015 135501100
5815,M L KING JR WAY,015 135603100
5824,COLLEGE AVE,014 126607200
5825,KEITH AVE,048A705302900
5830,AYALA AVE,016 138402000
5835,ELIZABETH ST,038 324000100
5838,BIRCH CT,014 126606600
5844,COLLEGE AVE,014 126607400
5847,TRASK ST,038 324200502
5850,BIRCH CT,048A706201600
5865,MARSHALL ST,015 133300208
5901,BROADWAY,048A705300501
5908,M L KING JR WAY,015 135801701
5915,M L KING JR WAY,015 135303000
5915,TELEGRAPH AVE,015 138300700
5916,OCEAN VIEW DR,048A711002702
5918,GENOA ST,015 135301900
5920,COLLEGE AVE,014 126605900
5924,HAYES ST,038 321001600
5928,TELEGRAPH AVE,016 138601401
5939,TELEGRAPH AVE,015 138300500
5947,HILTON ST,038 321003300
5949,BROMLEY AVE,038 321501600
5964,RACINE ST North bldg,015 138301101
5964,RACINE ST South bldg ,
6006,GENOA ST,015 135201700
6009,CLAREMONT AVE,016 140702100
6015,M L KING JR WAY,015 135202800
6015,HERZOG ST,015 133700901
6024,CHABOT RD,014 126606200
6025,HERZOG ST,015 133700903
6031,CLAREMONT AVE,016 140701800
6033,FOOTHILL BLVD,038 320100501
6044,MONROE AVE,048A704100500
6066,MONROE AVE,048A704100500
6049,CLAREMONT AVE,016 140701502
6052,CHABOT RD,048A706201901
6053,CLAREMONT AVE,016 140701501
6060,CLAREMONT AVE,014 126804000
6081,CLAREMONT AVE,016 140700800
6100,HAYES ST,038 321001200
6106,HILTON ST,038 320703500
6108,HILTON ST,038 320703400
6111,HILTON ST,038 321003504
6116,TELEGRAPH AVE,016 139002101
6118,M L KING JR WAY,016 143302200
6121,SHATTUCK AVE,015 136100206
6125,HAYES ST,038 321104001
6140,MARKET ST,016 143601702
6218,ANTIOCH ST,048F735202501
6225,ANTIOCH ST,048F735400601
6311,FOOTHILL BLVD,038 319600102
6315,SHATTUCK AVE,015 136400201
6329,SHATTUCK AVE,015 136400202
6366,RACINE ST,015 137901601
6387,DANA ST,016 139100202
6389,DANA ST,016 139100201
6397,DANA ST,016 139100100
6400,MACARTHUR BLVD,037A274601604
6408,IRWIN CT,016 142402203
6433,TELEGRAPH AVE,016 142401903
6446,COLBY ST,016 141304100
6500,FOOTHILL BLVD,039 328001300
6506,FOOTHILL BLVD,039 328001101
6511,LUCAS AVE,048F735400201
6515,TELEGRAPH AVE,016 142401700
6533,LUCAS AVE,048F735400301
6558,LUCAS AVE,048F735502000
6563,SHATTUCK AVE,016 142800800
6567,SHATTUCK AVE,016 142800700
6582,LUCAS AVE,048F735101701
6600,BANCROFT AVE,039 327601100
6605,SHATTUCK AVE,016 142800400
6616,TELEGRAPH AVE,016 142101700
6617,TELEGRAPH AVE,016 142200400
6625,BANCROFT AVE,039 326600500
6635,DANA ST,016 142100200
6636,LAIRD AVE,037A275509103
6638,MACARTHUR BLVD,037A275502700
6646,MACARTHUR BLVD,037A275502602
6650,LAIRD AVE,037A275509001
6656,LAIRD AVE,037A275509002
6663,FOOTHILL BLVD,039 327502400
6689,BANCROFT AVE,039 327000704
6701,LAIRD AVE,037A275500500
6706,MACARTHUR BLVD,037A275502400
6716,MACARTHUR BLVD,037A275502302
6840,MACARTHUR BLVD,037A275505002
6862,ARTHUR ST,039 330305500
6868,FOOTHILL BLVD,039 329801502
6909,FRESNO ST,039 330301001
6918,LACEY AVE,040A341703400
7004,MACARTHUR BLVD,040A341603002
7021,LACEY AVE,040A341601702
7033,LACEY AVE,040A341601801
7036,MACARTHUR BLVD,040A341602803
7123,HOLLY ST,039 330801300
7216,ORRAL ST,039 330902700
7336,LOCKWOOD ST,040 332603700
7361,CLAREMONT AVE,048H767201001
7402,LOCKWOOD ST,040 332603600
7600,LOCKWOOD ST,040 332603004
7615,BANCROFT AVE,040 333800104
7625,BANCROFT AVE,040 333800702
7629,LOCKWOOD ST,040 332503101
7630,LOCKWOOD ST,040 332602802
7700,NEY AVE,040A341103800
7708,NEY AVE,040A341103700
7708,MACARTHUR BLVD,040A341003400
7709,NEY AVE,040A341000900
7709,GARFIELD AVE,040 339200200
7716,NEY AVE,040A341103600
7717,NEY AVE,040A341001000
7732,MACARTHUR BLVD,040A341003100
7801,NEY AVE,040A341001400
7867,BANCROFT AVE,040 338700802
7868,MACARTHUR BLVD,040A342101001
7878,MACARTHUR BLVD,040A342100901
7886,NEY AVE,040A342004000
7900,NEY AVE,040A342003800
7911,BANCROFT AVE,040 337802202
7916,NEY AVE,040A342003600
7940,BANCROFT AVE,040 337800405
7975,MACARTHUR BLVD,040 340700300
7979,MACARTHUR BLVD,040 340700400
7981,MACARTHUR BLVD,040 340700500
8005,MACARTHUR BLVD,040 340704300
8019,GREENRIDGE DR,040A345700300
8024,MACARTHUR BLVD,040A342201400
8025,GREENRIDGE DR,040A345700400
8036,GREENRIDGE DR,040A345702101
8110,MACARTHUR BLVD,040A342201004
8130,BIRCH ST,040 336701500
8135,INTERNATIONAL BLVD,042 424707601
8211,D ST,042 425100100
8500,INTERNATIONAL BLVD,043 455301400
8603,HILLSIDE ST,043 461000101
8656,MACARTHUR BLVD,043A463902101
8658,MACARTHUR BLVD,043A463901900
8701,HILLSIDE ST,043 461000102
8719,HILLSIDE ST,043 461000200
8811,A ST,042 427200102
9031,HILLSIDE ST,046 548000804
9046,HILLSIDE ST,046 548402901
9200,HILLSIDE ST,046 548402700
9201,BANCROFT AVE,046 547000401
9206,HILLSIDE ST,046 548402602
9212,HILLSIDE ST,046 548402601
9222,MACARTHUR BLVD,048 560002900
9225,BANCROFT AVE,046 547001604
9235,HOLLY ST,046 542200900
9239,HILLSIDE ST,046 548001600
9301,BANCROFT AVE,046 547001603
9309,BANCROFT AVE,046 547000500
9311,OLIVE ST,046 545701100
9312,PEACH ST,046 548002700
9316,BANCROFT AVE,046 547302103
9326,BANCROFT AVE,046 547302003
9329,BANCROFT AVE,046 547000603
9332,E ST,044 498402901
9425,PEACH ST,046 547400900
9426,HILLSIDE ST,046 548802500
9437,SUNNYSIDE ST,046 546100901
9440,MACARTHUR BLVD,048 559905100
9500,BANCROFT AVE,046 547402104
9517,E ST,044 498500707
9601,B ST,044 498100600
9633,BIRCH ST,046 544801000
9635,PLYMOUTH ST,046 543601000
9636,BANCROFT AVE,046 547501715
9640,BANCROFT AVE,046 547501714
9641,BIRCH ST,046 544801100
9693,CHERRY ST,046 544101200
9700,MOUNTAIN BLVD,043A467603102
9706,CHERRY ST,046 544802300
9714,CHERRY ST,046 544802200
9750,BANCROFT AVE,046 547502900
9825,MACARTHUR BLVD,046 549000700
9825,WALNUT ST,046 542800400
9829,MACARTHUR BLVD,046 549000800
9833,WALNUT ST,046 542800500
9838,HOLLY ST,046 542801400
9840,E ST,044 497703005
9874,BANCROFT AVE,046 547802104
9940,D ST,044 497602101
9960,MACARTHUR BLVD,048 562602007
9996,INTERNATIONAL BLVD,046 542601400
10010,MACARTHUR BLVD,048 562601900
10023,MACARTHUR BLVD,047 557400601
10031,MACARTHUR BLVD,047 557401106
10320,MACARTHUR BLVD,047 557802401
10401,SHAW ST,048 562304300
10401,BANCROFT AVE,047 549801700
10410,FOOTHILL BLVD,048 562300202
10500,BANCROFT AVE,047 555802604
10778,PIPPIN ST,045 525601803
10786,PIPPIN ST,045 525601802
10900,MACARTHUR BLVD,047 558301000
11046,SAN LEANDRO ST,045 520700902
11067,APRICOT ST,045 520701200